[
{
    "pk": 1, 
    "model": "auth.permission", 
    "fields": {
        "codename": "add_permission", 
        "name": "Can add permission", 
        "content_type": [
            "auth", 
            "permission"
        ]
    }
},
{
    "pk": 2, 
    "model": "auth.permission", 
    "fields": {
        "codename": "change_permission", 
        "name": "Can change permission", 
        "content_type": [
            "auth", 
            "permission"
        ]
    }
},
{
    "pk": 3, 
    "model": "auth.permission", 
    "fields": {
        "codename": "delete_permission", 
        "name": "Can delete permission", 
        "content_type": [
            "auth", 
            "permission"
        ]
    }
},
{
    "pk": 4, 
    "model": "auth.permission", 
    "fields": {
        "codename": "add_group", 
        "name": "Can add group", 
        "content_type": [
            "auth", 
            "group"
        ]
    }
},
{
    "pk": 5, 
    "model": "auth.permission", 
    "fields": {
        "codename": "change_group", 
        "name": "Can change group", 
        "content_type": [
            "auth", 
            "group"
        ]
    }
},
{
    "pk": 6, 
    "model": "auth.permission", 
    "fields": {
        "codename": "delete_group", 
        "name": "Can delete group", 
        "content_type": [
            "auth", 
            "group"
        ]
    }
},
{
    "pk": 7, 
    "model": "auth.permission", 
    "fields": {
        "codename": "add_user", 
        "name": "Can add user", 
        "content_type": [
            "auth", 
            "user"
        ]
    }
},
{
    "pk": 8, 
    "model": "auth.permission", 
    "fields": {
        "codename": "change_user", 
        "name": "Can change user", 
        "content_type": [
            "auth", 
            "user"
        ]
    }
},
{
    "pk": 9, 
    "model": "auth.permission", 
    "fields": {
        "codename": "delete_user", 
        "name": "Can delete user", 
        "content_type": [
            "auth", 
            "user"
        ]
    }
},
{
    "pk": 10, 
    "model": "auth.permission", 
    "fields": {
        "codename": "add_contenttype", 
        "name": "Can add content type", 
        "content_type": [
            "contenttypes", 
            "contenttype"
        ]
    }
},
{
    "pk": 11, 
    "model": "auth.permission", 
    "fields": {
        "codename": "change_contenttype", 
        "name": "Can change content type", 
        "content_type": [
            "contenttypes", 
            "contenttype"
        ]
    }
},
{
    "pk": 12, 
    "model": "auth.permission", 
    "fields": {
        "codename": "delete_contenttype", 
        "name": "Can delete content type", 
        "content_type": [
            "contenttypes", 
            "contenttype"
        ]
    }
},
{
    "pk": 13, 
    "model": "auth.permission", 
    "fields": {
        "codename": "add_session", 
        "name": "Can add session", 
        "content_type": [
            "sessions", 
            "session"
        ]
    }
},
{
    "pk": 14, 
    "model": "auth.permission", 
    "fields": {
        "codename": "change_session", 
        "name": "Can change session", 
        "content_type": [
            "sessions", 
            "session"
        ]
    }
},
{
    "pk": 15, 
    "model": "auth.permission", 
    "fields": {
        "codename": "delete_session", 
        "name": "Can delete session", 
        "content_type": [
            "sessions", 
            "session"
        ]
    }
},
{
    "pk": 16, 
    "model": "auth.permission", 
    "fields": {
        "codename": "add_site", 
        "name": "Can add site", 
        "content_type": [
            "sites", 
            "site"
        ]
    }
},
{
    "pk": 17, 
    "model": "auth.permission", 
    "fields": {
        "codename": "change_site", 
        "name": "Can change site", 
        "content_type": [
            "sites", 
            "site"
        ]
    }
},
{
    "pk": 18, 
    "model": "auth.permission", 
    "fields": {
        "codename": "delete_site", 
        "name": "Can delete site", 
        "content_type": [
            "sites", 
            "site"
        ]
    }
},
{
    "pk": 19, 
    "model": "auth.permission", 
    "fields": {
        "codename": "add_logentry", 
        "name": "Can add log entry", 
        "content_type": [
            "admin", 
            "logentry"
        ]
    }
},
{
    "pk": 20, 
    "model": "auth.permission", 
    "fields": {
        "codename": "change_logentry", 
        "name": "Can change log entry", 
        "content_type": [
            "admin", 
            "logentry"
        ]
    }
},
{
    "pk": 21, 
    "model": "auth.permission", 
    "fields": {
        "codename": "delete_logentry", 
        "name": "Can delete log entry", 
        "content_type": [
            "admin", 
            "logentry"
        ]
    }
},
{
    "pk": 22, 
    "model": "auth.permission", 
    "fields": {
        "codename": "add_migrationhistory", 
        "name": "Can add migration history", 
        "content_type": [
            "south", 
            "migrationhistory"
        ]
    }
},
{
    "pk": 23, 
    "model": "auth.permission", 
    "fields": {
        "codename": "change_migrationhistory", 
        "name": "Can change migration history", 
        "content_type": [
            "south", 
            "migrationhistory"
        ]
    }
},
{
    "pk": 24, 
    "model": "auth.permission", 
    "fields": {
        "codename": "delete_migrationhistory", 
        "name": "Can delete migration history", 
        "content_type": [
            "south", 
            "migrationhistory"
        ]
    }
},
{
    "pk": 25, 
    "model": "auth.permission", 
    "fields": {
        "codename": "add_tag", 
        "name": "Can add tag", 
        "content_type": [
            "tagging", 
            "tag"
        ]
    }
},
{
    "pk": 26, 
    "model": "auth.permission", 
    "fields": {
        "codename": "change_tag", 
        "name": "Can change tag", 
        "content_type": [
            "tagging", 
            "tag"
        ]
    }
},
{
    "pk": 27, 
    "model": "auth.permission", 
    "fields": {
        "codename": "delete_tag", 
        "name": "Can delete tag", 
        "content_type": [
            "tagging", 
            "tag"
        ]
    }
},
{
    "pk": 28, 
    "model": "auth.permission", 
    "fields": {
        "codename": "add_taggeditem", 
        "name": "Can add tagged item", 
        "content_type": [
            "tagging", 
            "taggeditem"
        ]
    }
},
{
    "pk": 29, 
    "model": "auth.permission", 
    "fields": {
        "codename": "change_taggeditem", 
        "name": "Can change tagged item", 
        "content_type": [
            "tagging", 
            "taggeditem"
        ]
    }
},
{
    "pk": 30, 
    "model": "auth.permission", 
    "fields": {
        "codename": "delete_taggeditem", 
        "name": "Can delete tagged item", 
        "content_type": [
            "tagging", 
            "taggeditem"
        ]
    }
},
{
    "pk": 31, 
    "model": "auth.permission", 
    "fields": {
        "codename": "add_geocode", 
        "name": "Can add geocode", 
        "content_type": [
            "mumlife", 
            "geocode"
        ]
    }
},
{
    "pk": 32, 
    "model": "auth.permission", 
    "fields": {
        "codename": "change_geocode", 
        "name": "Can change geocode", 
        "content_type": [
            "mumlife", 
            "geocode"
        ]
    }
},
{
    "pk": 33, 
    "model": "auth.permission", 
    "fields": {
        "codename": "delete_geocode", 
        "name": "Can delete geocode", 
        "content_type": [
            "mumlife", 
            "geocode"
        ]
    }
},
{
    "pk": 34, 
    "model": "auth.permission", 
    "fields": {
        "codename": "add_member", 
        "name": "Can add member", 
        "content_type": [
            "mumlife", 
            "member"
        ]
    }
},
{
    "pk": 35, 
    "model": "auth.permission", 
    "fields": {
        "codename": "change_member", 
        "name": "Can change member", 
        "content_type": [
            "mumlife", 
            "member"
        ]
    }
},
{
    "pk": 36, 
    "model": "auth.permission", 
    "fields": {
        "codename": "delete_member", 
        "name": "Can delete member", 
        "content_type": [
            "mumlife", 
            "member"
        ]
    }
},
{
    "pk": 37, 
    "model": "auth.permission", 
    "fields": {
        "codename": "add_kid", 
        "name": "Can add kid", 
        "content_type": [
            "mumlife", 
            "kid"
        ]
    }
},
{
    "pk": 38, 
    "model": "auth.permission", 
    "fields": {
        "codename": "change_kid", 
        "name": "Can change kid", 
        "content_type": [
            "mumlife", 
            "kid"
        ]
    }
},
{
    "pk": 39, 
    "model": "auth.permission", 
    "fields": {
        "codename": "delete_kid", 
        "name": "Can delete kid", 
        "content_type": [
            "mumlife", 
            "kid"
        ]
    }
},
{
    "pk": 40, 
    "model": "auth.permission", 
    "fields": {
        "codename": "add_friendships", 
        "name": "Can add friendships", 
        "content_type": [
            "mumlife", 
            "friendships"
        ]
    }
},
{
    "pk": 41, 
    "model": "auth.permission", 
    "fields": {
        "codename": "change_friendships", 
        "name": "Can change friendships", 
        "content_type": [
            "mumlife", 
            "friendships"
        ]
    }
},
{
    "pk": 42, 
    "model": "auth.permission", 
    "fields": {
        "codename": "delete_friendships", 
        "name": "Can delete friendships", 
        "content_type": [
            "mumlife", 
            "friendships"
        ]
    }
},
{
    "pk": 43, 
    "model": "auth.permission", 
    "fields": {
        "codename": "add_message", 
        "name": "Can add message", 
        "content_type": [
            "mumlife", 
            "message"
        ]
    }
},
{
    "pk": 44, 
    "model": "auth.permission", 
    "fields": {
        "codename": "change_message", 
        "name": "Can change message", 
        "content_type": [
            "mumlife", 
            "message"
        ]
    }
},
{
    "pk": 45, 
    "model": "auth.permission", 
    "fields": {
        "codename": "delete_message", 
        "name": "Can delete message", 
        "content_type": [
            "mumlife", 
            "message"
        ]
    }
},
{
    "pk": 1, 
    "model": "auth.user", 
    "fields": {
        "username": "michael@beatscope.co.uk", 
        "first_name": "", 
        "last_name": "", 
        "is_active": true, 
        "is_superuser": true, 
        "is_staff": true, 
        "last_login": "2013-10-28T10:26:57Z", 
        "groups": [], 
        "user_permissions": [], 
        "password": "pbkdf2_sha256$10000$UPE1HKJRcL4r$86f9zWJ+RnbCFmzENWlCprjjJ0t6XkTkONkOEG50f28=", 
        "email": "michael@beatscope.co.uk", 
        "date_joined": "2013-10-24T11:15:46Z"
    }
},
{
    "pk": 3, 
    "model": "auth.user", 
    "fields": {
        "username": "freya.hum@mumlife.co.uk", 
        "first_name": "", 
        "last_name": "", 
        "is_active": true, 
        "is_superuser": false, 
        "is_staff": false, 
        "last_login": "2013-10-28T11:27:53Z", 
        "groups": [], 
        "user_permissions": [], 
        "password": "pbkdf2_sha256$10000$KVkGyqVdZHZR$U5ysc5amD/0TGbqUZ8IMM8jXGcdm5NROJwor/hIxVsE=", 
        "email": "freya.hum@mumlife.co.uk", 
        "date_joined": "2013-10-24T11:34:21Z"
    }
},
{
    "pk": 4, 
    "model": "auth.user", 
    "fields": {
        "username": "suzanna.cole@mumlife.co.uk", 
        "first_name": "", 
        "last_name": "", 
        "is_active": true, 
        "is_superuser": false, 
        "is_staff": false, 
        "last_login": "2013-10-28T11:04:05Z", 
        "groups": [], 
        "user_permissions": [], 
        "password": "pbkdf2_sha256$10000$UlVD0ezPrUyU$FfllYe+rlpVGst5nexJUL4VJH3zR5jPVOOIhoxzZuwg=", 
        "email": "suzanna.cole@mumlife.co.uk", 
        "date_joined": "2013-10-24T11:34:44Z"
    }
},
{
    "pk": 5, 
    "model": "auth.user", 
    "fields": {
        "username": "amanda.poke@mumlife.co.uk", 
        "first_name": "", 
        "last_name": "", 
        "is_active": true, 
        "is_superuser": false, 
        "is_staff": false, 
        "last_login": "2013-10-28T10:22:36Z", 
        "groups": [], 
        "user_permissions": [], 
        "password": "pbkdf2_sha256$10000$Xlv4K0vntSYG$nP/L7vnmCxlgmiaNeE1zMBv7528WdDD5DpDlVTqPaH4=", 
        "email": "amanda.poke@mumlife.co.uk", 
        "date_joined": "2013-10-24T11:35:14Z"
    }
},
{
    "pk": 6, 
    "model": "auth.user", 
    "fields": {
        "username": "rachel.chatter@mumlife.co.uk", 
        "first_name": "", 
        "last_name": "", 
        "is_active": true, 
        "is_superuser": false, 
        "is_staff": false, 
        "last_login": "2013-10-24T11:35:32Z", 
        "groups": [], 
        "user_permissions": [], 
        "password": "pbkdf2_sha256$10000$gJYo8wutSln8$KZbqnqG2FAK6HWwv767SkFJl0N7OwE6VgaLg3vk/n2c=", 
        "email": "rachel.chatter@mumlife.co.uk", 
        "date_joined": "2013-10-24T11:35:32Z"
    }
},
{
    "pk": 7, 
    "model": "auth.user", 
    "fields": {
        "username": "sarah.parker@mumlife.co.uk", 
        "first_name": "", 
        "last_name": "", 
        "is_active": true, 
        "is_superuser": false, 
        "is_staff": false, 
        "last_login": "2013-10-28T11:26:36Z", 
        "groups": [], 
        "user_permissions": [], 
        "password": "pbkdf2_sha256$10000$jUtzbwjR8YE7$KPC6id4IY8JphCAV5PjYWCTYOZWarom7IODdBkIDKHY=", 
        "email": "sarah.parker@mumlife.co.uk", 
        "date_joined": "2013-10-24T11:35:50Z"
    }
},
{
    "pk": "0lh0tmpnua7zfvr9neqvmzjoqwq1u8sa", 
    "model": "sessions.session", 
    "fields": {
        "expire_date": "2013-11-11T10:26:57Z", 
        "session_data": "NjJlOGMxNWI3ZDIyNWMzOGU1YWEzMmJhNDUwMzQwNmQ4ODQxZWJiYTqAAn1xAShVEl9hdXRoX3VzZXJfYmFja2VuZHECVRltdW1saWZlLmF1dGguRW1haWxCYWNrZW5kcQNVDV9hdXRoX3VzZXJfaWRxBIoBAXUu"
    }
},
{
    "pk": "hqhmxlip1zodobvk1gut00zgddh2jc5g", 
    "model": "sessions.session", 
    "fields": {
        "expire_date": "2013-11-08T08:07:05Z", 
        "session_data": "M2RjYTg4MTUyZGI5ZDQwZDg2YWUyMjAxMjAxOWE1MzRkY2E3ODg5NjqAAn1xAShVEl9hdXRoX3VzZXJfYmFja2VuZHECVRltdW1saWZlLmF1dGguRW1haWxCYWNrZW5kcQNVDV9hdXRoX3VzZXJfaWRxBIoBBXUu"
    }
},
{
    "pk": "ynoap9kp0tmoe2gsrxvx6ezhrxxmwj7p", 
    "model": "sessions.session", 
    "fields": {
        "expire_date": "2013-11-11T11:27:53Z", 
        "session_data": "MmM0NzlhZDI4NjE2OWVmOGM1YzY3NTE2YmY1ZjhlMDJiYzY0OGJmNTqAAn1xAShVEl9hdXRoX3VzZXJfYmFja2VuZHECVRltdW1saWZlLmF1dGguRW1haWxCYWNrZW5kcQNVDV9hdXRoX3VzZXJfaWRxBIoBA3Uu"
    }
},
{
    "pk": 1, 
    "model": "sites.site", 
    "fields": {
        "domain": "example.com", 
        "name": "example.com"
    }
},
{
    "pk": 1, 
    "model": "admin.logentry", 
    "fields": {
        "action_flag": 1, 
        "action_time": "2013-10-24T11:27:47Z", 
        "object_repr": "ep@beatscope.co.uk", 
        "object_id": "2", 
        "change_message": "", 
        "user": [
            "michael@beatscope.co.uk"
        ], 
        "content_type": [
            "auth", 
            "user"
        ]
    }
},
{
    "pk": 2, 
    "model": "admin.logentry", 
    "fields": {
        "action_flag": 2, 
        "action_time": "2013-10-24T11:27:59Z", 
        "object_repr": "ep@beatscope.co.uk", 
        "object_id": "2", 
        "change_message": "Changed password and email.", 
        "user": [
            "michael@beatscope.co.uk"
        ], 
        "content_type": [
            "auth", 
            "user"
        ]
    }
},
{
    "pk": 3, 
    "model": "admin.logentry", 
    "fields": {
        "action_flag": 3, 
        "action_time": "2013-10-24T11:28:11Z", 
        "object_repr": "ep@beatscope.co.uk", 
        "object_id": "2", 
        "change_message": "", 
        "user": [
            "michael@beatscope.co.uk"
        ], 
        "content_type": [
            "auth", 
            "user"
        ]
    }
},
{
    "pk": 4, 
    "model": "admin.logentry", 
    "fields": {
        "action_flag": 1, 
        "action_time": "2013-10-24T11:34:21Z", 
        "object_repr": "freya.hum@beatscope.co.uk", 
        "object_id": "3", 
        "change_message": "", 
        "user": [
            "michael@beatscope.co.uk"
        ], 
        "content_type": [
            "auth", 
            "user"
        ]
    }
},
{
    "pk": 5, 
    "model": "admin.logentry", 
    "fields": {
        "action_flag": 2, 
        "action_time": "2013-10-24T11:34:24Z", 
        "object_repr": "freya.hum@beatscope.co.uk", 
        "object_id": "3", 
        "change_message": "Changed password and email.", 
        "user": [
            "michael@beatscope.co.uk"
        ], 
        "content_type": [
            "auth", 
            "user"
        ]
    }
},
{
    "pk": 6, 
    "model": "admin.logentry", 
    "fields": {
        "action_flag": 1, 
        "action_time": "2013-10-24T11:34:44Z", 
        "object_repr": "suzanna.cole@mumlife.co.uk", 
        "object_id": "4", 
        "change_message": "", 
        "user": [
            "michael@beatscope.co.uk"
        ], 
        "content_type": [
            "auth", 
            "user"
        ]
    }
},
{
    "pk": 7, 
    "model": "admin.logentry", 
    "fields": {
        "action_flag": 2, 
        "action_time": "2013-10-24T11:34:47Z", 
        "object_repr": "suzanna.cole@mumlife.co.uk", 
        "object_id": "4", 
        "change_message": "Changed password and email.", 
        "user": [
            "michael@beatscope.co.uk"
        ], 
        "content_type": [
            "auth", 
            "user"
        ]
    }
},
{
    "pk": 8, 
    "model": "admin.logentry", 
    "fields": {
        "action_flag": 2, 
        "action_time": "2013-10-24T11:34:57Z", 
        "object_repr": "freya.hum@mumlife.co.uk", 
        "object_id": "3", 
        "change_message": "Changed username, password and email.", 
        "user": [
            "michael@beatscope.co.uk"
        ], 
        "content_type": [
            "auth", 
            "user"
        ]
    }
},
{
    "pk": 9, 
    "model": "admin.logentry", 
    "fields": {
        "action_flag": 1, 
        "action_time": "2013-10-24T11:35:14Z", 
        "object_repr": "amanda.poke@mumlife.co.uk", 
        "object_id": "5", 
        "change_message": "", 
        "user": [
            "michael@beatscope.co.uk"
        ], 
        "content_type": [
            "auth", 
            "user"
        ]
    }
},
{
    "pk": 10, 
    "model": "admin.logentry", 
    "fields": {
        "action_flag": 2, 
        "action_time": "2013-10-24T11:35:16Z", 
        "object_repr": "amanda.poke@mumlife.co.uk", 
        "object_id": "5", 
        "change_message": "Changed password and email.", 
        "user": [
            "michael@beatscope.co.uk"
        ], 
        "content_type": [
            "auth", 
            "user"
        ]
    }
},
{
    "pk": 11, 
    "model": "admin.logentry", 
    "fields": {
        "action_flag": 1, 
        "action_time": "2013-10-24T11:35:33Z", 
        "object_repr": "rachel.chatter@mumlife.co.uk", 
        "object_id": "6", 
        "change_message": "", 
        "user": [
            "michael@beatscope.co.uk"
        ], 
        "content_type": [
            "auth", 
            "user"
        ]
    }
},
{
    "pk": 12, 
    "model": "admin.logentry", 
    "fields": {
        "action_flag": 2, 
        "action_time": "2013-10-24T11:35:35Z", 
        "object_repr": "rachel.chatter@mumlife.co.uk", 
        "object_id": "6", 
        "change_message": "Changed password and email.", 
        "user": [
            "michael@beatscope.co.uk"
        ], 
        "content_type": [
            "auth", 
            "user"
        ]
    }
},
{
    "pk": 13, 
    "model": "admin.logentry", 
    "fields": {
        "action_flag": 1, 
        "action_time": "2013-10-24T11:35:50Z", 
        "object_repr": "sarah.parker@mumlife.co.uk", 
        "object_id": "7", 
        "change_message": "", 
        "user": [
            "michael@beatscope.co.uk"
        ], 
        "content_type": [
            "auth", 
            "user"
        ]
    }
},
{
    "pk": 14, 
    "model": "admin.logentry", 
    "fields": {
        "action_flag": 2, 
        "action_time": "2013-10-24T11:35:53Z", 
        "object_repr": "sarah.parker@mumlife.co.uk", 
        "object_id": "7", 
        "change_message": "Changed password and email.", 
        "user": [
            "michael@beatscope.co.uk"
        ], 
        "content_type": [
            "auth", 
            "user"
        ]
    }
},
{
    "pk": 15, 
    "model": "admin.logentry", 
    "fields": {
        "action_flag": 2, 
        "action_time": "2013-10-24T11:37:09Z", 
        "object_repr": " ", 
        "object_id": "7", 
        "change_message": "Changed postcode.", 
        "user": [
            "michael@beatscope.co.uk"
        ], 
        "content_type": [
            "mumlife", 
            "member"
        ]
    }
},
{
    "pk": 16, 
    "model": "admin.logentry", 
    "fields": {
        "action_flag": 2, 
        "action_time": "2013-10-24T11:37:09Z", 
        "object_repr": " ", 
        "object_id": "6", 
        "change_message": "Changed postcode.", 
        "user": [
            "michael@beatscope.co.uk"
        ], 
        "content_type": [
            "mumlife", 
            "member"
        ]
    }
},
{
    "pk": 17, 
    "model": "admin.logentry", 
    "fields": {
        "action_flag": 2, 
        "action_time": "2013-10-24T11:37:09Z", 
        "object_repr": " ", 
        "object_id": "5", 
        "change_message": "Changed postcode.", 
        "user": [
            "michael@beatscope.co.uk"
        ], 
        "content_type": [
            "mumlife", 
            "member"
        ]
    }
},
{
    "pk": 18, 
    "model": "admin.logentry", 
    "fields": {
        "action_flag": 2, 
        "action_time": "2013-10-24T11:37:09Z", 
        "object_repr": " ", 
        "object_id": "4", 
        "change_message": "Changed postcode.", 
        "user": [
            "michael@beatscope.co.uk"
        ], 
        "content_type": [
            "mumlife", 
            "member"
        ]
    }
},
{
    "pk": 19, 
    "model": "admin.logentry", 
    "fields": {
        "action_flag": 2, 
        "action_time": "2013-10-24T11:37:09Z", 
        "object_repr": " ", 
        "object_id": "3", 
        "change_message": "Changed postcode.", 
        "user": [
            "michael@beatscope.co.uk"
        ], 
        "content_type": [
            "mumlife", 
            "member"
        ]
    }
},
{
    "pk": 20, 
    "model": "admin.logentry", 
    "fields": {
        "action_flag": 2, 
        "action_time": "2013-10-24T11:37:09Z", 
        "object_repr": " ", 
        "object_id": "1", 
        "change_message": "Changed postcode.", 
        "user": [
            "michael@beatscope.co.uk"
        ], 
        "content_type": [
            "mumlife", 
            "member"
        ]
    }
},
{
    "pk": 21, 
    "model": "admin.logentry", 
    "fields": {
        "action_flag": 2, 
        "action_time": "2013-10-24T11:38:32Z", 
        "object_repr": "Sarah P", 
        "object_id": "7", 
        "change_message": "Changed fullname, gender, dob and status.", 
        "user": [
            "michael@beatscope.co.uk"
        ], 
        "content_type": [
            "mumlife", 
            "member"
        ]
    }
},
{
    "pk": 22, 
    "model": "admin.logentry", 
    "fields": {
        "action_flag": 2, 
        "action_time": "2013-10-24T11:39:06Z", 
        "object_repr": "Rachel C", 
        "object_id": "6", 
        "change_message": "Changed fullname, gender, dob and status.", 
        "user": [
            "michael@beatscope.co.uk"
        ], 
        "content_type": [
            "mumlife", 
            "member"
        ]
    }
},
{
    "pk": 23, 
    "model": "admin.logentry", 
    "fields": {
        "action_flag": 2, 
        "action_time": "2013-10-24T11:39:27Z", 
        "object_repr": "Amanda P", 
        "object_id": "5", 
        "change_message": "Changed fullname, gender, dob and status.", 
        "user": [
            "michael@beatscope.co.uk"
        ], 
        "content_type": [
            "mumlife", 
            "member"
        ]
    }
},
{
    "pk": 24, 
    "model": "admin.logentry", 
    "fields": {
        "action_flag": 2, 
        "action_time": "2013-10-24T11:39:41Z", 
        "object_repr": "Suzanna C", 
        "object_id": "4", 
        "change_message": "Changed fullname, gender and dob.", 
        "user": [
            "michael@beatscope.co.uk"
        ], 
        "content_type": [
            "mumlife", 
            "member"
        ]
    }
},
{
    "pk": 25, 
    "model": "admin.logentry", 
    "fields": {
        "action_flag": 2, 
        "action_time": "2013-10-24T11:39:48Z", 
        "object_repr": "Suzanna C", 
        "object_id": "4", 
        "change_message": "Changed status.", 
        "user": [
            "michael@beatscope.co.uk"
        ], 
        "content_type": [
            "mumlife", 
            "member"
        ]
    }
},
{
    "pk": 26, 
    "model": "admin.logentry", 
    "fields": {
        "action_flag": 2, 
        "action_time": "2013-10-24T11:40:16Z", 
        "object_repr": "Freya H", 
        "object_id": "3", 
        "change_message": "Changed fullname, gender, dob and status.", 
        "user": [
            "michael@beatscope.co.uk"
        ], 
        "content_type": [
            "mumlife", 
            "member"
        ]
    }
},
{
    "pk": 27, 
    "model": "admin.logentry", 
    "fields": {
        "action_flag": 2, 
        "action_time": "2013-10-24T11:40:35Z", 
        "object_repr": "Michael G", 
        "object_id": "1", 
        "change_message": "Changed fullname, gender, dob and status.", 
        "user": [
            "michael@beatscope.co.uk"
        ], 
        "content_type": [
            "mumlife", 
            "member"
        ]
    }
},
{
    "pk": 28, 
    "model": "admin.logentry", 
    "fields": {
        "action_flag": 2, 
        "action_time": "2013-10-24T11:43:54Z", 
        "object_repr": "Suzanna C", 
        "object_id": "4", 
        "change_message": "Added friendships \"Friendships object\".", 
        "user": [
            "michael@beatscope.co.uk"
        ], 
        "content_type": [
            "mumlife", 
            "member"
        ]
    }
},
{
    "pk": 29, 
    "model": "admin.logentry", 
    "fields": {
        "action_flag": 2, 
        "action_time": "2013-10-24T11:44:15Z", 
        "object_repr": "Suzanna C", 
        "object_id": "4", 
        "change_message": "Added friendships \"Friendships object\".", 
        "user": [
            "michael@beatscope.co.uk"
        ], 
        "content_type": [
            "mumlife", 
            "member"
        ]
    }
},
{
    "pk": 30, 
    "model": "admin.logentry", 
    "fields": {
        "action_flag": 2, 
        "action_time": "2013-10-24T11:44:31Z", 
        "object_repr": "Amanda P", 
        "object_id": "5", 
        "change_message": "Added friendships \"Friendships object\".", 
        "user": [
            "michael@beatscope.co.uk"
        ], 
        "content_type": [
            "mumlife", 
            "member"
        ]
    }
},
{
    "pk": 31, 
    "model": "admin.logentry", 
    "fields": {
        "action_flag": 2, 
        "action_time": "2013-10-24T11:44:47Z", 
        "object_repr": "Sarah P", 
        "object_id": "7", 
        "change_message": "Added friendships \"Friendships object\".", 
        "user": [
            "michael@beatscope.co.uk"
        ], 
        "content_type": [
            "mumlife", 
            "member"
        ]
    }
},
{
    "pk": 32, 
    "model": "admin.logentry", 
    "fields": {
        "action_flag": 1, 
        "action_time": "2013-10-24T11:52:42Z", 
        "object_repr": "Suzanna C: #se16 @local...", 
        "object_id": "1", 
        "change_message": "", 
        "user": [
            "michael@beatscope.co.uk"
        ], 
        "content_type": [
            "mumlife", 
            "message"
        ]
    }
},
{
    "pk": 33, 
    "model": "admin.logentry", 
    "fields": {
        "action_flag": 1, 
        "action_time": "2013-10-24T11:53:05Z", 
        "object_repr": "Suzanna C: #se16...", 
        "object_id": "2", 
        "change_message": "", 
        "user": [
            "michael@beatscope.co.uk"
        ], 
        "content_type": [
            "mumlife", 
            "message"
        ]
    }
},
{
    "pk": 34, 
    "model": "admin.logentry", 
    "fields": {
        "action_flag": 2, 
        "action_time": "2013-10-24T11:53:19Z", 
        "object_repr": "Suzanna C: M1...", 
        "object_id": "2", 
        "change_message": "Changed body and tags.", 
        "user": [
            "michael@beatscope.co.uk"
        ], 
        "content_type": [
            "mumlife", 
            "message"
        ]
    }
},
{
    "pk": 35, 
    "model": "admin.logentry", 
    "fields": {
        "action_flag": 2, 
        "action_time": "2013-10-24T11:53:41Z", 
        "object_repr": "Suzanna C: M2 (#se16 @global)...", 
        "object_id": "2", 
        "change_message": "Changed body.", 
        "user": [
            "michael@beatscope.co.uk"
        ], 
        "content_type": [
            "mumlife", 
            "message"
        ]
    }
},
{
    "pk": 36, 
    "model": "admin.logentry", 
    "fields": {
        "action_flag": 2, 
        "action_time": "2013-10-24T11:53:52Z", 
        "object_repr": "Suzanna C: M1 (#se16 @local)...", 
        "object_id": "1", 
        "change_message": "Changed body and tags.", 
        "user": [
            "michael@beatscope.co.uk"
        ], 
        "content_type": [
            "mumlife", 
            "message"
        ]
    }
},
{
    "pk": 37, 
    "model": "admin.logentry", 
    "fields": {
        "action_flag": 1, 
        "action_time": "2013-10-24T11:54:32Z", 
        "object_repr": "Suzanna C: M3 (#se16 @friends)...", 
        "object_id": "3", 
        "change_message": "", 
        "user": [
            "michael@beatscope.co.uk"
        ], 
        "content_type": [
            "mumlife", 
            "message"
        ]
    }
},
{
    "pk": 38, 
    "model": "admin.logentry", 
    "fields": {
        "action_flag": 1, 
        "action_time": "2013-10-24T11:55:21Z", 
        "object_repr": "Sarah P: M4 (#se22 @local)...", 
        "object_id": "4", 
        "change_message": "", 
        "user": [
            "michael@beatscope.co.uk"
        ], 
        "content_type": [
            "mumlife", 
            "message"
        ]
    }
},
{
    "pk": 39, 
    "model": "admin.logentry", 
    "fields": {
        "action_flag": 2, 
        "action_time": "2013-10-24T11:55:28Z", 
        "object_repr": "Sarah P: M4 (#se22 @local)...", 
        "object_id": "4", 
        "change_message": "Changed area.", 
        "user": [
            "michael@beatscope.co.uk"
        ], 
        "content_type": [
            "mumlife", 
            "message"
        ]
    }
},
{
    "pk": 40, 
    "model": "admin.logentry", 
    "fields": {
        "action_flag": 1, 
        "action_time": "2013-10-24T11:56:18Z", 
        "object_repr": "Sarah P: M5 (#se22 @global)...", 
        "object_id": "5", 
        "change_message": "", 
        "user": [
            "michael@beatscope.co.uk"
        ], 
        "content_type": [
            "mumlife", 
            "message"
        ]
    }
},
{
    "pk": 41, 
    "model": "admin.logentry", 
    "fields": {
        "action_flag": 1, 
        "action_time": "2013-10-24T11:56:47Z", 
        "object_repr": "Sarah P: M6 (#se22 @friends)...", 
        "object_id": "6", 
        "change_message": "", 
        "user": [
            "michael@beatscope.co.uk"
        ], 
        "content_type": [
            "mumlife", 
            "message"
        ]
    }
},
{
    "pk": 42, 
    "model": "admin.logentry", 
    "fields": {
        "action_flag": 1, 
        "action_time": "2013-10-24T12:39:00Z", 
        "object_repr": "Sarah P: M7 (#se22 @private)...", 
        "object_id": "7", 
        "change_message": "", 
        "user": [
            "michael@beatscope.co.uk"
        ], 
        "content_type": [
            "mumlife", 
            "message"
        ]
    }
},
{
    "pk": 43, 
    "model": "admin.logentry", 
    "fields": {
        "action_flag": 2, 
        "action_time": "2013-10-24T12:39:14Z", 
        "object_repr": "Sarah P: M7 (#se22 @private)...", 
        "object_id": "7", 
        "change_message": "Changed tags.", 
        "user": [
            "michael@beatscope.co.uk"
        ], 
        "content_type": [
            "mumlife", 
            "message"
        ]
    }
},
{
    "pk": 44, 
    "model": "admin.logentry", 
    "fields": {
        "action_flag": 2, 
        "action_time": "2013-10-24T13:15:05Z", 
        "object_repr": "Sarah P: M7 (#se22 @private)...", 
        "object_id": "7", 
        "change_message": "Changed recipient.", 
        "user": [
            "michael@beatscope.co.uk"
        ], 
        "content_type": [
            "mumlife", 
            "message"
        ]
    }
},
{
    "pk": 45, 
    "model": "admin.logentry", 
    "fields": {
        "action_flag": 2, 
        "action_time": "2013-10-24T13:15:15Z", 
        "object_repr": "Sarah P: M6 (#se22 @friends)...", 
        "object_id": "6", 
        "change_message": "Changed visibility.", 
        "user": [
            "michael@beatscope.co.uk"
        ], 
        "content_type": [
            "mumlife", 
            "message"
        ]
    }
},
{
    "pk": 46, 
    "model": "admin.logentry", 
    "fields": {
        "action_flag": 2, 
        "action_time": "2013-10-24T13:15:19Z", 
        "object_repr": "Sarah P: M5 (#se22 @global)...", 
        "object_id": "5", 
        "change_message": "Changed visibility.", 
        "user": [
            "michael@beatscope.co.uk"
        ], 
        "content_type": [
            "mumlife", 
            "message"
        ]
    }
},
{
    "pk": 47, 
    "model": "admin.logentry", 
    "fields": {
        "action_flag": 2, 
        "action_time": "2013-10-24T13:15:24Z", 
        "object_repr": "Sarah P: M4 (#se22 @local)...", 
        "object_id": "4", 
        "change_message": "No fields changed.", 
        "user": [
            "michael@beatscope.co.uk"
        ], 
        "content_type": [
            "mumlife", 
            "message"
        ]
    }
},
{
    "pk": 48, 
    "model": "admin.logentry", 
    "fields": {
        "action_flag": 2, 
        "action_time": "2013-10-24T13:15:30Z", 
        "object_repr": "Sarah P: M4 (#se22 @local)...", 
        "object_id": "4", 
        "change_message": "Changed visibility.", 
        "user": [
            "michael@beatscope.co.uk"
        ], 
        "content_type": [
            "mumlife", 
            "message"
        ]
    }
},
{
    "pk": 49, 
    "model": "admin.logentry", 
    "fields": {
        "action_flag": 2, 
        "action_time": "2013-10-24T13:15:43Z", 
        "object_repr": "Suzanna C: M3 (#se16 @friends)...", 
        "object_id": "3", 
        "change_message": "Changed visibility.", 
        "user": [
            "michael@beatscope.co.uk"
        ], 
        "content_type": [
            "mumlife", 
            "message"
        ]
    }
},
{
    "pk": 50, 
    "model": "admin.logentry", 
    "fields": {
        "action_flag": 2, 
        "action_time": "2013-10-24T13:15:51Z", 
        "object_repr": "Suzanna C: M2 (#se16 @global)...", 
        "object_id": "2", 
        "change_message": "Changed visibility.", 
        "user": [
            "michael@beatscope.co.uk"
        ], 
        "content_type": [
            "mumlife", 
            "message"
        ]
    }
},
{
    "pk": 51, 
    "model": "admin.logentry", 
    "fields": {
        "action_flag": 2, 
        "action_time": "2013-10-24T13:15:57Z", 
        "object_repr": "Suzanna C: M1 (#se16 @local)...", 
        "object_id": "1", 
        "change_message": "Changed visibility.", 
        "user": [
            "michael@beatscope.co.uk"
        ], 
        "content_type": [
            "mumlife", 
            "message"
        ]
    }
},
{
    "pk": 1, 
    "model": "south.migrationhistory", 
    "fields": {
        "applied": "2013-10-24T11:15:53Z", 
        "app_name": "longerusername", 
        "migration": "0001_initial"
    }
},
{
    "pk": 1, 
    "model": "tagging.tag", 
    "fields": {
        "name": "#se16"
    }
},
{
    "pk": 2, 
    "model": "tagging.tag", 
    "fields": {
        "name": "#se22"
    }
},
{
    "pk": 1, 
    "model": "tagging.taggeditem", 
    "fields": {
        "tag": 1, 
        "object_id": 2, 
        "content_type": [
            "mumlife", 
            "message"
        ]
    }
},
{
    "pk": 2, 
    "model": "tagging.taggeditem", 
    "fields": {
        "tag": 1, 
        "object_id": 1, 
        "content_type": [
            "mumlife", 
            "message"
        ]
    }
},
{
    "pk": 3, 
    "model": "tagging.taggeditem", 
    "fields": {
        "tag": 1, 
        "object_id": 3, 
        "content_type": [
            "mumlife", 
            "message"
        ]
    }
},
{
    "pk": 4, 
    "model": "tagging.taggeditem", 
    "fields": {
        "tag": 2, 
        "object_id": 4, 
        "content_type": [
            "mumlife", 
            "message"
        ]
    }
},
{
    "pk": 5, 
    "model": "tagging.taggeditem", 
    "fields": {
        "tag": 2, 
        "object_id": 5, 
        "content_type": [
            "mumlife", 
            "message"
        ]
    }
},
{
    "pk": 6, 
    "model": "tagging.taggeditem", 
    "fields": {
        "tag": 2, 
        "object_id": 6, 
        "content_type": [
            "mumlife", 
            "message"
        ]
    }
},
{
    "pk": 7, 
    "model": "tagging.taggeditem", 
    "fields": {
        "tag": 2, 
        "object_id": 7, 
        "content_type": [
            "mumlife", 
            "message"
        ]
    }
},
{
    "pk": 8, 
    "model": "tagging.taggeditem", 
    "fields": {
        "tag": 1, 
        "object_id": 8, 
        "content_type": [
            "mumlife", 
            "message"
        ]
    }
},
{
    "pk": 9, 
    "model": "tagging.taggeditem", 
    "fields": {
        "tag": 1, 
        "object_id": 9, 
        "content_type": [
            "mumlife", 
            "message"
        ]
    }
},
{
    "pk": 1, 
    "model": "mumlife.geocode", 
    "fields": {
        "latitude": 0.0, 
        "code": "", 
        "longitude": 0.0
    }
},
{
    "pk": 2, 
    "model": "mumlife.geocode", 
    "fields": {
        "latitude": 51.45263671875, 
        "code": "SE22 0NH", 
        "longitude": -0.0582864880561829
    }
},
{
    "pk": 3, 
    "model": "mumlife.geocode", 
    "fields": {
        "latitude": 51.4530067443848, 
        "code": "SE22 0HN", 
        "longitude": -0.0631789192557335
    }
},
{
    "pk": 4, 
    "model": "mumlife.geocode", 
    "fields": {
        "latitude": 51.4954528808594, 
        "code": "SE16 4RA", 
        "longitude": -0.0665089637041092
    }
},
{
    "pk": 5, 
    "model": "mumlife.geocode", 
    "fields": {
        "latitude": 51.498664855957, 
        "code": "SE16 2XB", 
        "longitude": -0.0545732751488686
    }
},
{
    "pk": 6, 
    "model": "mumlife.geocode", 
    "fields": {
        "latitude": 51.5053443908691, 
        "code": "SE16 6NN", 
        "longitude": -0.0387839525938034
    }
},
{
    "pk": 7, 
    "model": "mumlife.geocode", 
    "fields": {
        "latitude": 51.5012893676758, 
        "code": "SE16 4JX", 
        "longitude": -0.0546487122774124
    }
},
{
    "pk": 1, 
    "model": "mumlife.member", 
    "fields": {
        "status": 1, 
        "picture": "", 
        "about": "", 
        "interests": "", 
        "dob": "1978-11-24", 
        "gender": 1, 
        "postcode": "SE16 4JX", 
        "fullname": "Michael Giuliano", 
        "spouse": null, 
        "slug": "m.g./637/1/531", 
        "user": [
            "michael@beatscope.co.uk"
        ]
    }
},
{
    "pk": 3, 
    "model": "mumlife.member", 
    "fields": {
        "status": 1, 
        "picture": "", 
        "about": "", 
        "interests": "", 
        "dob": "1984-06-22", 
        "gender": 0, 
        "postcode": "SE16 6NN", 
        "fullname": "Freya Hum", 
        "spouse": null, 
        "slug": "f.h./511/1/442", 
        "user": [
            "freya.hum@mumlife.co.uk"
        ]
    }
},
{
    "pk": 4, 
    "model": "mumlife.member", 
    "fields": {
        "status": 1, 
        "picture": "", 
        "about": "", 
        "interests": "", 
        "dob": "1976-04-12", 
        "gender": 0, 
        "postcode": "SE16 2XB", 
        "fullname": "Suzanna Cole", 
        "spouse": null, 
        "slug": "s.c./635/1/582", 
        "user": [
            "suzanna.cole@mumlife.co.uk"
        ]
    }
},
{
    "pk": 5, 
    "model": "mumlife.member", 
    "fields": {
        "status": 1, 
        "picture": "", 
        "about": "", 
        "interests": "", 
        "dob": "1972-09-02", 
        "gender": 0, 
        "postcode": "SE16 4RA", 
        "fullname": "Amanda Poke", 
        "spouse": null, 
        "slug": "a.p./657/1/996", 
        "user": [
            "amanda.poke@mumlife.co.uk"
        ]
    }
},
{
    "pk": 6, 
    "model": "mumlife.member", 
    "fields": {
        "status": 1, 
        "picture": "", 
        "about": "", 
        "interests": "", 
        "dob": "1978-10-17", 
        "gender": 0, 
        "postcode": "SE22 0HN", 
        "fullname": "Rachel Chatter", 
        "spouse": null, 
        "slug": "r.c./945/1/569", 
        "user": [
            "rachel.chatter@mumlife.co.uk"
        ]
    }
},
{
    "pk": 7, 
    "model": "mumlife.member", 
    "fields": {
        "status": 1, 
        "picture": "", 
        "about": "", 
        "interests": "", 
        "dob": "1976-04-27", 
        "gender": 0, 
        "postcode": "SE22 0NH", 
        "fullname": "Sarah Parker", 
        "spouse": null, 
        "slug": "s.p./286/1/567", 
        "user": [
            "sarah.parker@mumlife.co.uk"
        ]
    }
},
{
    "pk": 1, 
    "model": "mumlife.friendships", 
    "fields": {
        "status": 1, 
        "from_member": 4, 
        "to_member": 5
    }
},
{
    "pk": 2, 
    "model": "mumlife.friendships", 
    "fields": {
        "status": 1, 
        "from_member": 4, 
        "to_member": 7
    }
},
{
    "pk": 3, 
    "model": "mumlife.friendships", 
    "fields": {
        "status": 1, 
        "from_member": 5, 
        "to_member": 4
    }
},
{
    "pk": 4, 
    "model": "mumlife.friendships", 
    "fields": {
        "status": 1, 
        "from_member": 7, 
        "to_member": 4
    }
},
{
    "pk": 1, 
    "model": "mumlife.message", 
    "fields": {
        "body": "M1 (#se16 @local)", 
        "area": "SE16", 
        "timestamp": "2013-10-24T11:52:42Z", 
        "tags": "#se16", 
        "visibility": 2, 
        "member": 4, 
        "is_reply": false, 
        "reply_to": null, 
        "recipient": null, 
        "eventdate": null
    }
},
{
    "pk": 2, 
    "model": "mumlife.message", 
    "fields": {
        "body": "M2 (#se16 @global)", 
        "area": "SE16", 
        "timestamp": "2013-10-24T11:53:05Z", 
        "tags": "#se16", 
        "visibility": 3, 
        "member": 4, 
        "is_reply": false, 
        "reply_to": null, 
        "recipient": null, 
        "eventdate": null
    }
},
{
    "pk": 3, 
    "model": "mumlife.message", 
    "fields": {
        "body": "M3 (#se16 @friends)", 
        "area": "SE16", 
        "timestamp": "2013-10-24T11:54:32Z", 
        "tags": "#se16", 
        "visibility": 1, 
        "member": 4, 
        "is_reply": false, 
        "reply_to": null, 
        "recipient": null, 
        "eventdate": null
    }
},
{
    "pk": 4, 
    "model": "mumlife.message", 
    "fields": {
        "body": "M4 (#se22 @local)", 
        "area": "SE22", 
        "timestamp": "2013-10-24T11:55:21Z", 
        "tags": "#se22", 
        "visibility": 2, 
        "member": 7, 
        "is_reply": false, 
        "reply_to": null, 
        "recipient": null, 
        "eventdate": null
    }
},
{
    "pk": 5, 
    "model": "mumlife.message", 
    "fields": {
        "body": "M5 (#se22 @global)", 
        "area": "SE22", 
        "timestamp": "2013-10-24T11:56:18Z", 
        "tags": "#se22", 
        "visibility": 3, 
        "member": 7, 
        "is_reply": false, 
        "reply_to": null, 
        "recipient": null, 
        "eventdate": null
    }
},
{
    "pk": 6, 
    "model": "mumlife.message", 
    "fields": {
        "body": "M6 (#se22 @friends)", 
        "area": "SE22", 
        "timestamp": "2013-10-24T11:56:47Z", 
        "tags": "#se22", 
        "visibility": 1, 
        "member": 7, 
        "is_reply": false, 
        "reply_to": null, 
        "recipient": null, 
        "eventdate": null
    }
},
{
    "pk": 7, 
    "model": "mumlife.message", 
    "fields": {
        "body": "M7 (#se22 @private)", 
        "area": "SE22", 
        "timestamp": "2013-10-24T12:39:00Z", 
        "tags": "#se22", 
        "visibility": 0, 
        "member": 7, 
        "is_reply": false, 
        "reply_to": null, 
        "recipient": 4, 
        "eventdate": null
    }
},
{
    "pk": 8, 
    "model": "mumlife.message", 
    "fields": {
        "body": "M8 (#se16, @private)", 
        "area": "SE16", 
        "timestamp": "2013-10-28T11:26:17Z", 
        "tags": "#se16 ", 
        "visibility": 0, 
        "member": 3, 
        "is_reply": false, 
        "reply_to": null, 
        "recipient": 7, 
        "eventdate": null
    }
}
]
