[
{
    "pk": 1, 
    "model": "auth.group", 
    "fields": {
        "name": "Administrators", 
        "permissions": [
            [
                "add_friendships", 
                "mumlife", 
                "friendships"
            ], 
            [
                "change_friendships", 
                "mumlife", 
                "friendships"
            ], 
            [
                "delete_friendships", 
                "mumlife", 
                "friendships"
            ], 
            [
                "add_geocode", 
                "mumlife", 
                "geocode"
            ], 
            [
                "change_geocode", 
                "mumlife", 
                "geocode"
            ], 
            [
                "delete_geocode", 
                "mumlife", 
                "geocode"
            ], 
            [
                "add_kid", 
                "mumlife", 
                "kid"
            ], 
            [
                "change_kid", 
                "mumlife", 
                "kid"
            ], 
            [
                "delete_kid", 
                "mumlife", 
                "kid"
            ], 
            [
                "add_member", 
                "mumlife", 
                "member"
            ], 
            [
                "change_member", 
                "mumlife", 
                "member"
            ], 
            [
                "delete_member", 
                "mumlife", 
                "member"
            ], 
            [
                "add_message", 
                "mumlife", 
                "message"
            ], 
            [
                "change_message", 
                "mumlife", 
                "message"
            ], 
            [
                "delete_message", 
                "mumlife", 
                "message"
            ], 
            [
                "add_notifications", 
                "mumlife", 
                "notifications"
            ], 
            [
                "change_notifications", 
                "mumlife", 
                "notifications"
            ], 
            [
                "delete_notifications", 
                "mumlife", 
                "notifications"
            ], 
            [
                "add_page", 
                "mumlife", 
                "page"
            ], 
            [
                "change_page", 
                "mumlife", 
                "page"
            ], 
            [
                "delete_page", 
                "mumlife", 
                "page"
            ], 
            [
                "add_tag", 
                "tagging", 
                "tag"
            ], 
            [
                "change_tag", 
                "tagging", 
                "tag"
            ], 
            [
                "delete_tag", 
                "tagging", 
                "tag"
            ], 
            [
                "add_taggeditem", 
                "tagging", 
                "taggeditem"
            ], 
            [
                "change_taggeditem", 
                "tagging", 
                "taggeditem"
            ], 
            [
                "delete_taggeditem", 
                "tagging", 
                "taggeditem"
            ]
        ]
    }
},
{
    "pk": 2, 
    "model": "auth.group", 
    "fields": {
        "name": "Moderators", 
        "permissions": [
            [
                "add_friendships", 
                "mumlife", 
                "friendships"
            ], 
            [
                "change_friendships", 
                "mumlife", 
                "friendships"
            ], 
            [
                "delete_friendships", 
                "mumlife", 
                "friendships"
            ], 
            [
                "add_geocode", 
                "mumlife", 
                "geocode"
            ], 
            [
                "change_geocode", 
                "mumlife", 
                "geocode"
            ], 
            [
                "delete_geocode", 
                "mumlife", 
                "geocode"
            ], 
            [
                "add_kid", 
                "mumlife", 
                "kid"
            ], 
            [
                "change_kid", 
                "mumlife", 
                "kid"
            ], 
            [
                "delete_kid", 
                "mumlife", 
                "kid"
            ], 
            [
                "add_member", 
                "mumlife", 
                "member"
            ], 
            [
                "change_member", 
                "mumlife", 
                "member"
            ], 
            [
                "delete_member", 
                "mumlife", 
                "member"
            ], 
            [
                "add_message", 
                "mumlife", 
                "message"
            ], 
            [
                "change_message", 
                "mumlife", 
                "message"
            ], 
            [
                "delete_message", 
                "mumlife", 
                "message"
            ], 
            [
                "add_notifications", 
                "mumlife", 
                "notifications"
            ], 
            [
                "change_notifications", 
                "mumlife", 
                "notifications"
            ], 
            [
                "delete_notifications", 
                "mumlife", 
                "notifications"
            ], 
            [
                "add_page", 
                "mumlife", 
                "page"
            ], 
            [
                "change_page", 
                "mumlife", 
                "page"
            ], 
            [
                "delete_page", 
                "mumlife", 
                "page"
            ], 
            [
                "add_tag", 
                "tagging", 
                "tag"
            ], 
            [
                "change_tag", 
                "tagging", 
                "tag"
            ], 
            [
                "delete_tag", 
                "tagging", 
                "tag"
            ], 
            [
                "add_taggeditem", 
                "tagging", 
                "taggeditem"
            ], 
            [
                "change_taggeditem", 
                "tagging", 
                "taggeditem"
            ], 
            [
                "delete_taggeditem", 
                "tagging", 
                "taggeditem"
            ]
        ]
    }
},
{
    "pk": 1, 
    "model": "auth.user", 
    "fields": {
        "username": "michael@beatscope.co.uk", 
        "first_name": "Michael", 
        "last_name": "Giuliano", 
        "is_active": true, 
        "is_superuser": true, 
        "is_staff": true, 
        "last_login": "2014-02-07T04:38:32Z", 
        "groups": [], 
        "user_permissions": [], 
        "password": "pbkdf2_sha256$12000$EBmnvbpPeb7B$krvCJNE0XRWu7oLn3fzd27/BSFLD0i61iiCR8dtnDp4=", 
        "email": "michael@beatscope.co.uk", 
        "date_joined": "2013-10-24T11:15:46Z"
    }
},
{
    "pk": 3, 
    "model": "auth.user", 
    "fields": {
        "username": "freya.hum@mumlife.co.uk", 
        "first_name": "Freya", 
        "last_name": "Hum", 
        "is_active": true, 
        "is_superuser": false, 
        "is_staff": false, 
        "last_login": "2013-10-28T11:27:53Z", 
        "groups": [], 
        "user_permissions": [], 
        "password": "pbkdf2_sha256$10000$KVkGyqVdZHZR$U5ysc5amD/0TGbqUZ8IMM8jXGcdm5NROJwor/hIxVsE=", 
        "email": "freya.hum@mumlife.co.uk", 
        "date_joined": "2013-10-24T11:34:21Z"
    }
},
{
    "pk": 4, 
    "model": "auth.user", 
    "fields": {
        "username": "suzanna.cole@mumlife.co.uk", 
        "first_name": "Suzanna", 
        "last_name": "Cole", 
        "is_active": true, 
        "is_superuser": false, 
        "is_staff": false, 
        "last_login": "2014-02-07T04:36:59Z", 
        "groups": [], 
        "user_permissions": [], 
        "password": "pbkdf2_sha256$12000$qDjm9gzMjgYB$BQeQSUo7rdHTTuLqrQSfybRIqa1slzxzJCllcJUdA9w=", 
        "email": "suzanna.cole@mumlife.co.uk", 
        "date_joined": "2013-10-24T11:34:44Z"
    }
},
{
    "pk": 5, 
    "model": "auth.user", 
    "fields": {
        "username": "amanda.poke@mumlife.co.uk", 
        "first_name": "Amanda", 
        "last_name": "Poke", 
        "is_active": true, 
        "is_superuser": false, 
        "is_staff": false, 
        "last_login": "2014-02-07T04:35:40Z", 
        "groups": [], 
        "user_permissions": [], 
        "password": "pbkdf2_sha256$12000$x4kBWNtZtiiH$dMVM3cHaUS8qTXzX0PTTsR7uv4JOMScoLWCyvRRL5B8=", 
        "email": "amanda.poke@mumlife.co.uk", 
        "date_joined": "2013-10-24T11:35:14Z"
    }
},
{
    "pk": 6, 
    "model": "auth.user", 
    "fields": {
        "username": "rachel.chatter@mumlife.co.uk", 
        "first_name": "Rachel", 
        "last_name": "Chatter", 
        "is_active": true, 
        "is_superuser": false, 
        "is_staff": false, 
        "last_login": "2013-10-24T11:35:32Z", 
        "groups": [], 
        "user_permissions": [], 
        "password": "pbkdf2_sha256$10000$gJYo8wutSln8$KZbqnqG2FAK6HWwv767SkFJl0N7OwE6VgaLg3vk/n2c=", 
        "email": "rachel.chatter@mumlife.co.uk", 
        "date_joined": "2013-10-24T11:35:32Z"
    }
},
{
    "pk": 7, 
    "model": "auth.user", 
    "fields": {
        "username": "sarah.parker@mumlife.co.uk", 
        "first_name": "Sarah", 
        "last_name": "Parker", 
        "is_active": true, 
        "is_superuser": false, 
        "is_staff": false, 
        "last_login": "2014-02-07T04:34:56Z", 
        "groups": [], 
        "user_permissions": [], 
        "password": "pbkdf2_sha256$12000$Hemyh03J5BRE$zjgVhsFffEj9eFcJHt5vPuab9gZuH/leBskKC4eBqYE=", 
        "email": "sarah.parker@mumlife.co.uk", 
        "date_joined": "2013-10-24T11:35:50Z"
    }
},
{
    "pk": "0lh0tmpnua7zfvr9neqvmzjoqwq1u8sa", 
    "model": "sessions.session", 
    "fields": {
        "expire_date": "2013-11-11T10:26:57Z", 
        "session_data": "NjJlOGMxNWI3ZDIyNWMzOGU1YWEzMmJhNDUwMzQwNmQ4ODQxZWJiYTqAAn1xAShVEl9hdXRoX3VzZXJfYmFja2VuZHECVRltdW1saWZlLmF1dGguRW1haWxCYWNrZW5kcQNVDV9hdXRoX3VzZXJfaWRxBIoBAXUu"
    }
},
{
    "pk": "9k5vyyckq5swo4g8c0b1yapw7n0o8e32", 
    "model": "sessions.session", 
    "fields": {
        "expire_date": "2014-02-21T04:36:59.680Z", 
        "session_data": "ZDZhZDA4MjczNDg2ZmQzMThlMWU1NTZlZDllZGM1MzQyM2EwM2EzNDp7Il9hdXRoX3VzZXJfYmFja2VuZCI6Im11bWxpZmUuYXV0aC5FbWFpbEJhY2tlbmQiLCJfYXV0aF91c2VyX2lkIjo0fQ=="
    }
},
{
    "pk": "cvnuq19u730f4477hl4su8uwso8nkfzv", 
    "model": "sessions.session", 
    "fields": {
        "expire_date": "2014-02-21T04:34:56.870Z", 
        "session_data": "ZDA2OGRlYzE3NmE0NzJjOWU4MTI0ODUwZDgxNDIzOTYxNjcwYjEyOTp7Il9hdXRoX3VzZXJfYmFja2VuZCI6Im11bWxpZmUuYXV0aC5FbWFpbEJhY2tlbmQiLCJfYXV0aF91c2VyX2lkIjo3fQ=="
    }
},
{
    "pk": "dnt22k7jol4y3pvmeyjlpjanyf5bgi1t", 
    "model": "sessions.session", 
    "fields": {
        "expire_date": "2014-02-21T04:38:32.425Z", 
        "session_data": "MDc3N2VhNzhlODQ4YTVkNTdjZDYzMzU4ZThiM2I1NzI0ZGUyYWZkMTp7Il9hdXRoX3VzZXJfYmFja2VuZCI6Im11bWxpZmUuYXV0aC5FbWFpbEJhY2tlbmQiLCJfYXV0aF91c2VyX2lkIjoxfQ=="
    }
},
{
    "pk": "hqhmxlip1zodobvk1gut00zgddh2jc5g", 
    "model": "sessions.session", 
    "fields": {
        "expire_date": "2013-11-08T08:07:05Z", 
        "session_data": "M2RjYTg4MTUyZGI5ZDQwZDg2YWUyMjAxMjAxOWE1MzRkY2E3ODg5NjqAAn1xAShVEl9hdXRoX3VzZXJfYmFja2VuZHECVRltdW1saWZlLmF1dGguRW1haWxCYWNrZW5kcQNVDV9hdXRoX3VzZXJfaWRxBIoBBXUu"
    }
},
{
    "pk": "ynoap9kp0tmoe2gsrxvx6ezhrxxmwj7p", 
    "model": "sessions.session", 
    "fields": {
        "expire_date": "2013-11-11T11:27:53Z", 
        "session_data": "MmM0NzlhZDI4NjE2OWVmOGM1YzY3NTE2YmY1ZjhlMDJiYzY0OGJmNTqAAn1xAShVEl9hdXRoX3VzZXJfYmFja2VuZHECVRltdW1saWZlLmF1dGguRW1haWxCYWNrZW5kcQNVDV9hdXRoX3VzZXJfaWRxBIoBA3Uu"
    }
},
{
    "pk": 1, 
    "model": "admin.logentry", 
    "fields": {
        "action_flag": 1, 
        "action_time": "2013-10-24T11:27:47Z", 
        "object_repr": "ep@beatscope.co.uk", 
        "object_id": "2", 
        "change_message": "", 
        "user": [
            "michael@beatscope.co.uk"
        ], 
        "content_type": [
            "auth", 
            "user"
        ]
    }
},
{
    "pk": 2, 
    "model": "admin.logentry", 
    "fields": {
        "action_flag": 2, 
        "action_time": "2013-10-24T11:27:59Z", 
        "object_repr": "ep@beatscope.co.uk", 
        "object_id": "2", 
        "change_message": "Changed password and email.", 
        "user": [
            "michael@beatscope.co.uk"
        ], 
        "content_type": [
            "auth", 
            "user"
        ]
    }
},
{
    "pk": 3, 
    "model": "admin.logentry", 
    "fields": {
        "action_flag": 3, 
        "action_time": "2013-10-24T11:28:11Z", 
        "object_repr": "ep@beatscope.co.uk", 
        "object_id": "2", 
        "change_message": "", 
        "user": [
            "michael@beatscope.co.uk"
        ], 
        "content_type": [
            "auth", 
            "user"
        ]
    }
},
{
    "pk": 4, 
    "model": "admin.logentry", 
    "fields": {
        "action_flag": 1, 
        "action_time": "2013-10-24T11:34:21Z", 
        "object_repr": "freya.hum@beatscope.co.uk", 
        "object_id": "3", 
        "change_message": "", 
        "user": [
            "michael@beatscope.co.uk"
        ], 
        "content_type": [
            "auth", 
            "user"
        ]
    }
},
{
    "pk": 5, 
    "model": "admin.logentry", 
    "fields": {
        "action_flag": 2, 
        "action_time": "2013-10-24T11:34:24Z", 
        "object_repr": "freya.hum@beatscope.co.uk", 
        "object_id": "3", 
        "change_message": "Changed password and email.", 
        "user": [
            "michael@beatscope.co.uk"
        ], 
        "content_type": [
            "auth", 
            "user"
        ]
    }
},
{
    "pk": 6, 
    "model": "admin.logentry", 
    "fields": {
        "action_flag": 1, 
        "action_time": "2013-10-24T11:34:44Z", 
        "object_repr": "suzanna.cole@mumlife.co.uk", 
        "object_id": "4", 
        "change_message": "", 
        "user": [
            "michael@beatscope.co.uk"
        ], 
        "content_type": [
            "auth", 
            "user"
        ]
    }
},
{
    "pk": 7, 
    "model": "admin.logentry", 
    "fields": {
        "action_flag": 2, 
        "action_time": "2013-10-24T11:34:47Z", 
        "object_repr": "suzanna.cole@mumlife.co.uk", 
        "object_id": "4", 
        "change_message": "Changed password and email.", 
        "user": [
            "michael@beatscope.co.uk"
        ], 
        "content_type": [
            "auth", 
            "user"
        ]
    }
},
{
    "pk": 8, 
    "model": "admin.logentry", 
    "fields": {
        "action_flag": 2, 
        "action_time": "2013-10-24T11:34:57Z", 
        "object_repr": "freya.hum@mumlife.co.uk", 
        "object_id": "3", 
        "change_message": "Changed username, password and email.", 
        "user": [
            "michael@beatscope.co.uk"
        ], 
        "content_type": [
            "auth", 
            "user"
        ]
    }
},
{
    "pk": 9, 
    "model": "admin.logentry", 
    "fields": {
        "action_flag": 1, 
        "action_time": "2013-10-24T11:35:14Z", 
        "object_repr": "amanda.poke@mumlife.co.uk", 
        "object_id": "5", 
        "change_message": "", 
        "user": [
            "michael@beatscope.co.uk"
        ], 
        "content_type": [
            "auth", 
            "user"
        ]
    }
},
{
    "pk": 10, 
    "model": "admin.logentry", 
    "fields": {
        "action_flag": 2, 
        "action_time": "2013-10-24T11:35:16Z", 
        "object_repr": "amanda.poke@mumlife.co.uk", 
        "object_id": "5", 
        "change_message": "Changed password and email.", 
        "user": [
            "michael@beatscope.co.uk"
        ], 
        "content_type": [
            "auth", 
            "user"
        ]
    }
},
{
    "pk": 11, 
    "model": "admin.logentry", 
    "fields": {
        "action_flag": 1, 
        "action_time": "2013-10-24T11:35:33Z", 
        "object_repr": "rachel.chatter@mumlife.co.uk", 
        "object_id": "6", 
        "change_message": "", 
        "user": [
            "michael@beatscope.co.uk"
        ], 
        "content_type": [
            "auth", 
            "user"
        ]
    }
},
{
    "pk": 12, 
    "model": "admin.logentry", 
    "fields": {
        "action_flag": 2, 
        "action_time": "2013-10-24T11:35:35Z", 
        "object_repr": "rachel.chatter@mumlife.co.uk", 
        "object_id": "6", 
        "change_message": "Changed password and email.", 
        "user": [
            "michael@beatscope.co.uk"
        ], 
        "content_type": [
            "auth", 
            "user"
        ]
    }
},
{
    "pk": 13, 
    "model": "admin.logentry", 
    "fields": {
        "action_flag": 1, 
        "action_time": "2013-10-24T11:35:50Z", 
        "object_repr": "sarah.parker@mumlife.co.uk", 
        "object_id": "7", 
        "change_message": "", 
        "user": [
            "michael@beatscope.co.uk"
        ], 
        "content_type": [
            "auth", 
            "user"
        ]
    }
},
{
    "pk": 14, 
    "model": "admin.logentry", 
    "fields": {
        "action_flag": 2, 
        "action_time": "2013-10-24T11:35:53Z", 
        "object_repr": "sarah.parker@mumlife.co.uk", 
        "object_id": "7", 
        "change_message": "Changed password and email.", 
        "user": [
            "michael@beatscope.co.uk"
        ], 
        "content_type": [
            "auth", 
            "user"
        ]
    }
},
{
    "pk": 15, 
    "model": "admin.logentry", 
    "fields": {
        "action_flag": 2, 
        "action_time": "2013-10-24T11:37:09Z", 
        "object_repr": " ", 
        "object_id": "7", 
        "change_message": "Changed postcode.", 
        "user": [
            "michael@beatscope.co.uk"
        ], 
        "content_type": [
            "mumlife", 
            "member"
        ]
    }
},
{
    "pk": 16, 
    "model": "admin.logentry", 
    "fields": {
        "action_flag": 2, 
        "action_time": "2013-10-24T11:37:09Z", 
        "object_repr": " ", 
        "object_id": "6", 
        "change_message": "Changed postcode.", 
        "user": [
            "michael@beatscope.co.uk"
        ], 
        "content_type": [
            "mumlife", 
            "member"
        ]
    }
},
{
    "pk": 17, 
    "model": "admin.logentry", 
    "fields": {
        "action_flag": 2, 
        "action_time": "2013-10-24T11:37:09Z", 
        "object_repr": " ", 
        "object_id": "5", 
        "change_message": "Changed postcode.", 
        "user": [
            "michael@beatscope.co.uk"
        ], 
        "content_type": [
            "mumlife", 
            "member"
        ]
    }
},
{
    "pk": 18, 
    "model": "admin.logentry", 
    "fields": {
        "action_flag": 2, 
        "action_time": "2013-10-24T11:37:09Z", 
        "object_repr": " ", 
        "object_id": "4", 
        "change_message": "Changed postcode.", 
        "user": [
            "michael@beatscope.co.uk"
        ], 
        "content_type": [
            "mumlife", 
            "member"
        ]
    }
},
{
    "pk": 19, 
    "model": "admin.logentry", 
    "fields": {
        "action_flag": 2, 
        "action_time": "2013-10-24T11:37:09Z", 
        "object_repr": " ", 
        "object_id": "3", 
        "change_message": "Changed postcode.", 
        "user": [
            "michael@beatscope.co.uk"
        ], 
        "content_type": [
            "mumlife", 
            "member"
        ]
    }
},
{
    "pk": 20, 
    "model": "admin.logentry", 
    "fields": {
        "action_flag": 2, 
        "action_time": "2013-10-24T11:37:09Z", 
        "object_repr": " ", 
        "object_id": "1", 
        "change_message": "Changed postcode.", 
        "user": [
            "michael@beatscope.co.uk"
        ], 
        "content_type": [
            "mumlife", 
            "member"
        ]
    }
},
{
    "pk": 21, 
    "model": "admin.logentry", 
    "fields": {
        "action_flag": 2, 
        "action_time": "2013-10-24T11:38:32Z", 
        "object_repr": "Sarah P", 
        "object_id": "7", 
        "change_message": "Changed fullname, gender, dob and status.", 
        "user": [
            "michael@beatscope.co.uk"
        ], 
        "content_type": [
            "mumlife", 
            "member"
        ]
    }
},
{
    "pk": 22, 
    "model": "admin.logentry", 
    "fields": {
        "action_flag": 2, 
        "action_time": "2013-10-24T11:39:06Z", 
        "object_repr": "Rachel C", 
        "object_id": "6", 
        "change_message": "Changed fullname, gender, dob and status.", 
        "user": [
            "michael@beatscope.co.uk"
        ], 
        "content_type": [
            "mumlife", 
            "member"
        ]
    }
},
{
    "pk": 23, 
    "model": "admin.logentry", 
    "fields": {
        "action_flag": 2, 
        "action_time": "2013-10-24T11:39:27Z", 
        "object_repr": "Amanda P", 
        "object_id": "5", 
        "change_message": "Changed fullname, gender, dob and status.", 
        "user": [
            "michael@beatscope.co.uk"
        ], 
        "content_type": [
            "mumlife", 
            "member"
        ]
    }
},
{
    "pk": 24, 
    "model": "admin.logentry", 
    "fields": {
        "action_flag": 2, 
        "action_time": "2013-10-24T11:39:41Z", 
        "object_repr": "Suzanna C", 
        "object_id": "4", 
        "change_message": "Changed fullname, gender and dob.", 
        "user": [
            "michael@beatscope.co.uk"
        ], 
        "content_type": [
            "mumlife", 
            "member"
        ]
    }
},
{
    "pk": 25, 
    "model": "admin.logentry", 
    "fields": {
        "action_flag": 2, 
        "action_time": "2013-10-24T11:39:48Z", 
        "object_repr": "Suzanna C", 
        "object_id": "4", 
        "change_message": "Changed status.", 
        "user": [
            "michael@beatscope.co.uk"
        ], 
        "content_type": [
            "mumlife", 
            "member"
        ]
    }
},
{
    "pk": 26, 
    "model": "admin.logentry", 
    "fields": {
        "action_flag": 2, 
        "action_time": "2013-10-24T11:40:16Z", 
        "object_repr": "Freya H", 
        "object_id": "3", 
        "change_message": "Changed fullname, gender, dob and status.", 
        "user": [
            "michael@beatscope.co.uk"
        ], 
        "content_type": [
            "mumlife", 
            "member"
        ]
    }
},
{
    "pk": 27, 
    "model": "admin.logentry", 
    "fields": {
        "action_flag": 2, 
        "action_time": "2013-10-24T11:40:35Z", 
        "object_repr": "Michael G", 
        "object_id": "1", 
        "change_message": "Changed fullname, gender, dob and status.", 
        "user": [
            "michael@beatscope.co.uk"
        ], 
        "content_type": [
            "mumlife", 
            "member"
        ]
    }
},
{
    "pk": 28, 
    "model": "admin.logentry", 
    "fields": {
        "action_flag": 2, 
        "action_time": "2013-10-24T11:43:54Z", 
        "object_repr": "Suzanna C", 
        "object_id": "4", 
        "change_message": "Added friendships \"Friendships object\".", 
        "user": [
            "michael@beatscope.co.uk"
        ], 
        "content_type": [
            "mumlife", 
            "member"
        ]
    }
},
{
    "pk": 29, 
    "model": "admin.logentry", 
    "fields": {
        "action_flag": 2, 
        "action_time": "2013-10-24T11:44:15Z", 
        "object_repr": "Suzanna C", 
        "object_id": "4", 
        "change_message": "Added friendships \"Friendships object\".", 
        "user": [
            "michael@beatscope.co.uk"
        ], 
        "content_type": [
            "mumlife", 
            "member"
        ]
    }
},
{
    "pk": 30, 
    "model": "admin.logentry", 
    "fields": {
        "action_flag": 2, 
        "action_time": "2013-10-24T11:44:31Z", 
        "object_repr": "Amanda P", 
        "object_id": "5", 
        "change_message": "Added friendships \"Friendships object\".", 
        "user": [
            "michael@beatscope.co.uk"
        ], 
        "content_type": [
            "mumlife", 
            "member"
        ]
    }
},
{
    "pk": 31, 
    "model": "admin.logentry", 
    "fields": {
        "action_flag": 2, 
        "action_time": "2013-10-24T11:44:47Z", 
        "object_repr": "Sarah P", 
        "object_id": "7", 
        "change_message": "Added friendships \"Friendships object\".", 
        "user": [
            "michael@beatscope.co.uk"
        ], 
        "content_type": [
            "mumlife", 
            "member"
        ]
    }
},
{
    "pk": 32, 
    "model": "admin.logentry", 
    "fields": {
        "action_flag": 1, 
        "action_time": "2013-10-24T11:52:42Z", 
        "object_repr": "Suzanna C: #se16 @local...", 
        "object_id": "1", 
        "change_message": "", 
        "user": [
            "michael@beatscope.co.uk"
        ], 
        "content_type": [
            "mumlife", 
            "message"
        ]
    }
},
{
    "pk": 33, 
    "model": "admin.logentry", 
    "fields": {
        "action_flag": 1, 
        "action_time": "2013-10-24T11:53:05Z", 
        "object_repr": "Suzanna C: #se16...", 
        "object_id": "2", 
        "change_message": "", 
        "user": [
            "michael@beatscope.co.uk"
        ], 
        "content_type": [
            "mumlife", 
            "message"
        ]
    }
},
{
    "pk": 34, 
    "model": "admin.logentry", 
    "fields": {
        "action_flag": 2, 
        "action_time": "2013-10-24T11:53:19Z", 
        "object_repr": "Suzanna C: M1...", 
        "object_id": "2", 
        "change_message": "Changed body and tags.", 
        "user": [
            "michael@beatscope.co.uk"
        ], 
        "content_type": [
            "mumlife", 
            "message"
        ]
    }
},
{
    "pk": 35, 
    "model": "admin.logentry", 
    "fields": {
        "action_flag": 2, 
        "action_time": "2013-10-24T11:53:41Z", 
        "object_repr": "Suzanna C: M2 (#se16 @global)...", 
        "object_id": "2", 
        "change_message": "Changed body.", 
        "user": [
            "michael@beatscope.co.uk"
        ], 
        "content_type": [
            "mumlife", 
            "message"
        ]
    }
},
{
    "pk": 36, 
    "model": "admin.logentry", 
    "fields": {
        "action_flag": 2, 
        "action_time": "2013-10-24T11:53:52Z", 
        "object_repr": "Suzanna C: M1 (#se16 @local)...", 
        "object_id": "1", 
        "change_message": "Changed body and tags.", 
        "user": [
            "michael@beatscope.co.uk"
        ], 
        "content_type": [
            "mumlife", 
            "message"
        ]
    }
},
{
    "pk": 37, 
    "model": "admin.logentry", 
    "fields": {
        "action_flag": 1, 
        "action_time": "2013-10-24T11:54:32Z", 
        "object_repr": "Suzanna C: M3 (#se16 @friends)...", 
        "object_id": "3", 
        "change_message": "", 
        "user": [
            "michael@beatscope.co.uk"
        ], 
        "content_type": [
            "mumlife", 
            "message"
        ]
    }
},
{
    "pk": 38, 
    "model": "admin.logentry", 
    "fields": {
        "action_flag": 1, 
        "action_time": "2013-10-24T11:55:21Z", 
        "object_repr": "Sarah P: M4 (#se22 @local)...", 
        "object_id": "4", 
        "change_message": "", 
        "user": [
            "michael@beatscope.co.uk"
        ], 
        "content_type": [
            "mumlife", 
            "message"
        ]
    }
},
{
    "pk": 39, 
    "model": "admin.logentry", 
    "fields": {
        "action_flag": 2, 
        "action_time": "2013-10-24T11:55:28Z", 
        "object_repr": "Sarah P: M4 (#se22 @local)...", 
        "object_id": "4", 
        "change_message": "Changed area.", 
        "user": [
            "michael@beatscope.co.uk"
        ], 
        "content_type": [
            "mumlife", 
            "message"
        ]
    }
},
{
    "pk": 40, 
    "model": "admin.logentry", 
    "fields": {
        "action_flag": 1, 
        "action_time": "2013-10-24T11:56:18Z", 
        "object_repr": "Sarah P: M5 (#se22 @global)...", 
        "object_id": "5", 
        "change_message": "", 
        "user": [
            "michael@beatscope.co.uk"
        ], 
        "content_type": [
            "mumlife", 
            "message"
        ]
    }
},
{
    "pk": 41, 
    "model": "admin.logentry", 
    "fields": {
        "action_flag": 1, 
        "action_time": "2013-10-24T11:56:47Z", 
        "object_repr": "Sarah P: M6 (#se22 @friends)...", 
        "object_id": "6", 
        "change_message": "", 
        "user": [
            "michael@beatscope.co.uk"
        ], 
        "content_type": [
            "mumlife", 
            "message"
        ]
    }
},
{
    "pk": 42, 
    "model": "admin.logentry", 
    "fields": {
        "action_flag": 1, 
        "action_time": "2013-10-24T12:39:00Z", 
        "object_repr": "Sarah P: M7 (#se22 @private)...", 
        "object_id": "7", 
        "change_message": "", 
        "user": [
            "michael@beatscope.co.uk"
        ], 
        "content_type": [
            "mumlife", 
            "message"
        ]
    }
},
{
    "pk": 43, 
    "model": "admin.logentry", 
    "fields": {
        "action_flag": 2, 
        "action_time": "2013-10-24T12:39:14Z", 
        "object_repr": "Sarah P: M7 (#se22 @private)...", 
        "object_id": "7", 
        "change_message": "Changed tags.", 
        "user": [
            "michael@beatscope.co.uk"
        ], 
        "content_type": [
            "mumlife", 
            "message"
        ]
    }
},
{
    "pk": 44, 
    "model": "admin.logentry", 
    "fields": {
        "action_flag": 2, 
        "action_time": "2013-10-24T13:15:05Z", 
        "object_repr": "Sarah P: M7 (#se22 @private)...", 
        "object_id": "7", 
        "change_message": "Changed recipient.", 
        "user": [
            "michael@beatscope.co.uk"
        ], 
        "content_type": [
            "mumlife", 
            "message"
        ]
    }
},
{
    "pk": 45, 
    "model": "admin.logentry", 
    "fields": {
        "action_flag": 2, 
        "action_time": "2013-10-24T13:15:15Z", 
        "object_repr": "Sarah P: M6 (#se22 @friends)...", 
        "object_id": "6", 
        "change_message": "Changed visibility.", 
        "user": [
            "michael@beatscope.co.uk"
        ], 
        "content_type": [
            "mumlife", 
            "message"
        ]
    }
},
{
    "pk": 46, 
    "model": "admin.logentry", 
    "fields": {
        "action_flag": 2, 
        "action_time": "2013-10-24T13:15:19Z", 
        "object_repr": "Sarah P: M5 (#se22 @global)...", 
        "object_id": "5", 
        "change_message": "Changed visibility.", 
        "user": [
            "michael@beatscope.co.uk"
        ], 
        "content_type": [
            "mumlife", 
            "message"
        ]
    }
},
{
    "pk": 47, 
    "model": "admin.logentry", 
    "fields": {
        "action_flag": 2, 
        "action_time": "2013-10-24T13:15:24Z", 
        "object_repr": "Sarah P: M4 (#se22 @local)...", 
        "object_id": "4", 
        "change_message": "No fields changed.", 
        "user": [
            "michael@beatscope.co.uk"
        ], 
        "content_type": [
            "mumlife", 
            "message"
        ]
    }
},
{
    "pk": 48, 
    "model": "admin.logentry", 
    "fields": {
        "action_flag": 2, 
        "action_time": "2013-10-24T13:15:30Z", 
        "object_repr": "Sarah P: M4 (#se22 @local)...", 
        "object_id": "4", 
        "change_message": "Changed visibility.", 
        "user": [
            "michael@beatscope.co.uk"
        ], 
        "content_type": [
            "mumlife", 
            "message"
        ]
    }
},
{
    "pk": 49, 
    "model": "admin.logentry", 
    "fields": {
        "action_flag": 2, 
        "action_time": "2013-10-24T13:15:43Z", 
        "object_repr": "Suzanna C: M3 (#se16 @friends)...", 
        "object_id": "3", 
        "change_message": "Changed visibility.", 
        "user": [
            "michael@beatscope.co.uk"
        ], 
        "content_type": [
            "mumlife", 
            "message"
        ]
    }
},
{
    "pk": 50, 
    "model": "admin.logentry", 
    "fields": {
        "action_flag": 2, 
        "action_time": "2013-10-24T13:15:51Z", 
        "object_repr": "Suzanna C: M2 (#se16 @global)...", 
        "object_id": "2", 
        "change_message": "Changed visibility.", 
        "user": [
            "michael@beatscope.co.uk"
        ], 
        "content_type": [
            "mumlife", 
            "message"
        ]
    }
},
{
    "pk": 51, 
    "model": "admin.logentry", 
    "fields": {
        "action_flag": 2, 
        "action_time": "2013-10-24T13:15:57Z", 
        "object_repr": "Suzanna C: M1 (#se16 @local)...", 
        "object_id": "1", 
        "change_message": "Changed visibility.", 
        "user": [
            "michael@beatscope.co.uk"
        ], 
        "content_type": [
            "mumlife", 
            "message"
        ]
    }
},
{
    "pk": 52, 
    "model": "admin.logentry", 
    "fields": {
        "action_flag": 2, 
        "action_time": "2014-02-07T04:39:07.498Z", 
        "object_repr": "suzanna.cole@mumlife.co.uk", 
        "object_id": "4", 
        "change_message": "Changed first_name and last_name.", 
        "user": [
            "michael@beatscope.co.uk"
        ], 
        "content_type": [
            "auth", 
            "user"
        ]
    }
},
{
    "pk": 53, 
    "model": "admin.logentry", 
    "fields": {
        "action_flag": 2, 
        "action_time": "2014-02-07T04:39:30.452Z", 
        "object_repr": "Suzanna C.", 
        "object_id": "4", 
        "change_message": "No fields changed.", 
        "user": [
            "michael@beatscope.co.uk"
        ], 
        "content_type": [
            "mumlife", 
            "geocode"
        ]
    }
},
{
    "pk": 54, 
    "model": "admin.logentry", 
    "fields": {
        "action_flag": 2, 
        "action_time": "2014-02-07T04:41:04.412Z", 
        "object_repr": "amanda.poke@mumlife.co.uk", 
        "object_id": "5", 
        "change_message": "Changed first_name and last_name.", 
        "user": [
            "michael@beatscope.co.uk"
        ], 
        "content_type": [
            "auth", 
            "user"
        ]
    }
},
{
    "pk": 55, 
    "model": "admin.logentry", 
    "fields": {
        "action_flag": 2, 
        "action_time": "2014-02-07T04:41:13.650Z", 
        "object_repr": "freya.hum@mumlife.co.uk", 
        "object_id": "3", 
        "change_message": "Changed first_name and last_name.", 
        "user": [
            "michael@beatscope.co.uk"
        ], 
        "content_type": [
            "auth", 
            "user"
        ]
    }
},
{
    "pk": 56, 
    "model": "admin.logentry", 
    "fields": {
        "action_flag": 2, 
        "action_time": "2014-02-07T04:41:22.205Z", 
        "object_repr": "michael@beatscope.co.uk", 
        "object_id": "1", 
        "change_message": "Changed first_name and last_name.", 
        "user": [
            "michael@beatscope.co.uk"
        ], 
        "content_type": [
            "auth", 
            "user"
        ]
    }
},
{
    "pk": 57, 
    "model": "admin.logentry", 
    "fields": {
        "action_flag": 2, 
        "action_time": "2014-02-07T04:41:31.568Z", 
        "object_repr": "rachel.chatter@mumlife.co.uk", 
        "object_id": "6", 
        "change_message": "Changed first_name and last_name.", 
        "user": [
            "michael@beatscope.co.uk"
        ], 
        "content_type": [
            "auth", 
            "user"
        ]
    }
},
{
    "pk": 58, 
    "model": "admin.logentry", 
    "fields": {
        "action_flag": 2, 
        "action_time": "2014-02-07T04:41:39.968Z", 
        "object_repr": "sarah.parker@mumlife.co.uk", 
        "object_id": "7", 
        "change_message": "Changed first_name and last_name.", 
        "user": [
            "michael@beatscope.co.uk"
        ], 
        "content_type": [
            "auth", 
            "user"
        ]
    }
},
{
    "pk": 59, 
    "model": "admin.logentry", 
    "fields": {
        "action_flag": 2, 
        "action_time": "2014-02-07T04:41:55.142Z", 
        "object_repr": "Sarah P.", 
        "object_id": "7", 
        "change_message": "No fields changed.", 
        "user": [
            "michael@beatscope.co.uk"
        ], 
        "content_type": [
            "mumlife", 
            "geocode"
        ]
    }
},
{
    "pk": 60, 
    "model": "admin.logentry", 
    "fields": {
        "action_flag": 2, 
        "action_time": "2014-02-07T04:41:58.440Z", 
        "object_repr": "Rachel C.", 
        "object_id": "6", 
        "change_message": "No fields changed.", 
        "user": [
            "michael@beatscope.co.uk"
        ], 
        "content_type": [
            "mumlife", 
            "geocode"
        ]
    }
},
{
    "pk": 61, 
    "model": "admin.logentry", 
    "fields": {
        "action_flag": 2, 
        "action_time": "2014-02-07T04:42:00.875Z", 
        "object_repr": "Amanda P.", 
        "object_id": "5", 
        "change_message": "No fields changed.", 
        "user": [
            "michael@beatscope.co.uk"
        ], 
        "content_type": [
            "mumlife", 
            "geocode"
        ]
    }
},
{
    "pk": 62, 
    "model": "admin.logentry", 
    "fields": {
        "action_flag": 2, 
        "action_time": "2014-02-07T04:42:04.187Z", 
        "object_repr": "Freya H.", 
        "object_id": "3", 
        "change_message": "No fields changed.", 
        "user": [
            "michael@beatscope.co.uk"
        ], 
        "content_type": [
            "mumlife", 
            "geocode"
        ]
    }
},
{
    "pk": 63, 
    "model": "admin.logentry", 
    "fields": {
        "action_flag": 2, 
        "action_time": "2014-02-07T04:42:06.975Z", 
        "object_repr": "Michael G.", 
        "object_id": "1", 
        "change_message": "No fields changed.", 
        "user": [
            "michael@beatscope.co.uk"
        ], 
        "content_type": [
            "mumlife", 
            "geocode"
        ]
    }
},
{
    "pk": 64, 
    "model": "admin.logentry", 
    "fields": {
        "action_flag": 1, 
        "action_time": "2014-02-07T04:43:08.545Z", 
        "object_repr": "Administrators", 
        "object_id": "1", 
        "change_message": "", 
        "user": [
            "michael@beatscope.co.uk"
        ], 
        "content_type": [
            "auth", 
            "group"
        ]
    }
},
{
    "pk": 65, 
    "model": "admin.logentry", 
    "fields": {
        "action_flag": 2, 
        "action_time": "2014-02-07T04:44:35.376Z", 
        "object_repr": "Administrators", 
        "object_id": "1", 
        "change_message": "Changed permissions.", 
        "user": [
            "michael@beatscope.co.uk"
        ], 
        "content_type": [
            "auth", 
            "group"
        ]
    }
},
{
    "pk": 66, 
    "model": "admin.logentry", 
    "fields": {
        "action_flag": 1, 
        "action_time": "2014-02-07T04:45:03.694Z", 
        "object_repr": "Moderators", 
        "object_id": "2", 
        "change_message": "", 
        "user": [
            "michael@beatscope.co.uk"
        ], 
        "content_type": [
            "auth", 
            "group"
        ]
    }
},
{
    "pk": 67, 
    "model": "admin.logentry", 
    "fields": {
        "action_flag": 2, 
        "action_time": "2014-02-07T04:45:31.974Z", 
        "object_repr": "M8 (#se16, @private)", 
        "object_id": "8", 
        "change_message": "No fields changed.", 
        "user": [
            "michael@beatscope.co.uk"
        ], 
        "content_type": [
            "mumlife", 
            "friendships"
        ]
    }
},
{
    "pk": 1, 
    "model": "south.migrationhistory", 
    "fields": {
        "applied": "2013-10-24T11:15:53Z", 
        "app_name": "longerusername", 
        "migration": "0001_initial"
    }
},
{
    "pk": 2, 
    "model": "south.migrationhistory", 
    "fields": {
        "applied": "2014-02-07T04:34:42.019Z", 
        "app_name": "mumlife", 
        "migration": "0001_initial"
    }
},
{
    "pk": 3, 
    "model": "south.migrationhistory", 
    "fields": {
        "applied": "2014-02-07T04:34:42.048Z", 
        "app_name": "mumlife", 
        "migration": "0002_auto__add_field_member_geocode"
    }
},
{
    "pk": 4, 
    "model": "south.migrationhistory", 
    "fields": {
        "applied": "2014-02-07T04:34:42.076Z", 
        "app_name": "mumlife", 
        "migration": "0003_auto__add_field_message_geocode"
    }
},
{
    "pk": 5, 
    "model": "south.migrationhistory", 
    "fields": {
        "applied": "2014-02-07T04:34:42.115Z", 
        "app_name": "mumlife", 
        "migration": "0004_auto__add_page"
    }
},
{
    "pk": 1, 
    "model": "tagging.tag", 
    "fields": {
        "name": "#se16"
    }
},
{
    "pk": 2, 
    "model": "tagging.tag", 
    "fields": {
        "name": "#se22"
    }
},
{
    "pk": 1, 
    "model": "tagging.taggeditem", 
    "fields": {
        "tag": 1, 
        "object_id": 2, 
        "content_type": [
            "mumlife", 
            "message"
        ]
    }
},
{
    "pk": 2, 
    "model": "tagging.taggeditem", 
    "fields": {
        "tag": 1, 
        "object_id": 1, 
        "content_type": [
            "mumlife", 
            "message"
        ]
    }
},
{
    "pk": 3, 
    "model": "tagging.taggeditem", 
    "fields": {
        "tag": 1, 
        "object_id": 3, 
        "content_type": [
            "mumlife", 
            "message"
        ]
    }
},
{
    "pk": 4, 
    "model": "tagging.taggeditem", 
    "fields": {
        "tag": 2, 
        "object_id": 4, 
        "content_type": [
            "mumlife", 
            "message"
        ]
    }
},
{
    "pk": 5, 
    "model": "tagging.taggeditem", 
    "fields": {
        "tag": 2, 
        "object_id": 5, 
        "content_type": [
            "mumlife", 
            "message"
        ]
    }
},
{
    "pk": 6, 
    "model": "tagging.taggeditem", 
    "fields": {
        "tag": 2, 
        "object_id": 6, 
        "content_type": [
            "mumlife", 
            "message"
        ]
    }
},
{
    "pk": 7, 
    "model": "tagging.taggeditem", 
    "fields": {
        "tag": 2, 
        "object_id": 7, 
        "content_type": [
            "mumlife", 
            "message"
        ]
    }
},
{
    "pk": 8, 
    "model": "tagging.taggeditem", 
    "fields": {
        "tag": 1, 
        "object_id": 8, 
        "content_type": [
            "mumlife", 
            "message"
        ]
    }
},
{
    "pk": 9, 
    "model": "tagging.taggeditem", 
    "fields": {
        "tag": 1, 
        "object_id": 9, 
        "content_type": [
            "mumlife", 
            "message"
        ]
    }
},
{
    "pk": 10, 
    "model": "tagging.taggeditem", 
    "fields": {
        "tag": 1, 
        "object_id": 8, 
        "content_type": [
            "mumlife", 
            "friendships"
        ]
    }
},
{
    "pk": 1, 
    "model": "mumlife.geocode", 
    "fields": {
        "latitude": 0.0, 
        "code": "", 
        "longitude": 0.0
    }
},
{
    "pk": 2, 
    "model": "mumlife.geocode", 
    "fields": {
        "latitude": 51.45263671875, 
        "code": "SE22 0NH", 
        "longitude": -0.0582864880561829
    }
},
{
    "pk": 3, 
    "model": "mumlife.geocode", 
    "fields": {
        "latitude": 51.4530067443848, 
        "code": "SE22 0HN", 
        "longitude": -0.0631789192557335
    }
},
{
    "pk": 4, 
    "model": "mumlife.geocode", 
    "fields": {
        "latitude": 51.4954528808594, 
        "code": "SE16 4RA", 
        "longitude": -0.0665089637041092
    }
},
{
    "pk": 5, 
    "model": "mumlife.geocode", 
    "fields": {
        "latitude": 51.498664855957, 
        "code": "SE16 2XB", 
        "longitude": -0.0545732751488686
    }
},
{
    "pk": 6, 
    "model": "mumlife.geocode", 
    "fields": {
        "latitude": 51.5053443908691, 
        "code": "SE16 6NN", 
        "longitude": -0.0387839525938034
    }
},
{
    "pk": 7, 
    "model": "mumlife.geocode", 
    "fields": {
        "latitude": 51.5012893676758, 
        "code": "SE16 4JX", 
        "longitude": -0.0546487122774124
    }
},
{
    "pk": 8, 
    "model": "mumlife.geocode", 
    "fields": {
        "latitude": 0.0, 
        "code": "N/A", 
        "longitude": 0.0
    }
},
{
    "pk": 1, 
    "model": "mumlife.member", 
    "fields": {
        "status": 1, 
        "picture": "", 
        "about": "", 
        "interests": "", 
        "dob": "1978-11-24", 
        "gender": 1, 
        "max_range": 5, 
        "geocode": "51.5012893677,-0.0546487122774", 
        "postcode": "SE16 4JX", 
        "units": 1, 
        "fullname": "Michael Giuliano", 
        "spouse": null, 
        "slug": "m.g./637/1/531", 
        "user": [
            "michael@beatscope.co.uk"
        ]
    }
},
{
    "pk": 3, 
    "model": "mumlife.member", 
    "fields": {
        "status": 1, 
        "picture": "", 
        "about": "", 
        "interests": "", 
        "dob": "1984-06-22", 
        "gender": 0, 
        "max_range": 5, 
        "geocode": "51.5053443909,-0.0387839525938", 
        "postcode": "SE16 6NN", 
        "units": 1, 
        "fullname": "Freya Hum", 
        "spouse": null, 
        "slug": "f.h./511/1/442", 
        "user": [
            "freya.hum@mumlife.co.uk"
        ]
    }
},
{
    "pk": 4, 
    "model": "mumlife.member", 
    "fields": {
        "status": 1, 
        "picture": "", 
        "about": "", 
        "interests": "", 
        "dob": "1976-04-12", 
        "gender": 0, 
        "max_range": 5, 
        "geocode": "51.498664856,-0.0545732751489", 
        "postcode": "SE16 2XB", 
        "units": 1, 
        "fullname": "Suzanna Cole", 
        "spouse": null, 
        "slug": "s.c./635/1/582", 
        "user": [
            "suzanna.cole@mumlife.co.uk"
        ]
    }
},
{
    "pk": 5, 
    "model": "mumlife.member", 
    "fields": {
        "status": 1, 
        "picture": "", 
        "about": "", 
        "interests": "", 
        "dob": "1972-09-02", 
        "gender": 0, 
        "max_range": 5, 
        "geocode": "51.4954528809,-0.0665089637041", 
        "postcode": "SE16 4RA", 
        "units": 1, 
        "fullname": "Amanda Poke", 
        "spouse": null, 
        "slug": "a.p./657/1/996", 
        "user": [
            "amanda.poke@mumlife.co.uk"
        ]
    }
},
{
    "pk": 6, 
    "model": "mumlife.member", 
    "fields": {
        "status": 1, 
        "picture": "", 
        "about": "", 
        "interests": "", 
        "dob": "1978-10-17", 
        "gender": 0, 
        "max_range": 5, 
        "geocode": "51.4530067444,-0.0631789192557", 
        "postcode": "SE22 0HN", 
        "units": 1, 
        "fullname": "Rachel Chatter", 
        "spouse": null, 
        "slug": "r.c./945/1/569", 
        "user": [
            "rachel.chatter@mumlife.co.uk"
        ]
    }
},
{
    "pk": 7, 
    "model": "mumlife.member", 
    "fields": {
        "status": 1, 
        "picture": "", 
        "about": "", 
        "interests": "", 
        "dob": "1976-04-27", 
        "gender": 0, 
        "max_range": 5, 
        "geocode": "51.4526367188,-0.0582864880562", 
        "postcode": "SE22 0NH", 
        "units": 1, 
        "fullname": "Sarah Parker", 
        "spouse": null, 
        "slug": "s.p./286/1/567", 
        "user": [
            "sarah.parker@mumlife.co.uk"
        ]
    }
},
{
    "pk": 1, 
    "model": "mumlife.friendships", 
    "fields": {
        "status": 1, 
        "from_member": 4, 
        "to_member": 5
    }
},
{
    "pk": 2, 
    "model": "mumlife.friendships", 
    "fields": {
        "status": 1, 
        "from_member": 4, 
        "to_member": 7
    }
},
{
    "pk": 3, 
    "model": "mumlife.friendships", 
    "fields": {
        "status": 1, 
        "from_member": 5, 
        "to_member": 4
    }
},
{
    "pk": 4, 
    "model": "mumlife.friendships", 
    "fields": {
        "status": 1, 
        "from_member": 7, 
        "to_member": 4
    }
},
{
    "pk": 1, 
    "model": "mumlife.message", 
    "fields": {
        "body": "M1 (#se16 @local)", 
        "name": null, 
        "area": "SE16", 
        "timestamp": "2013-10-24T11:52:42Z", 
        "occurs_until": null, 
        "tags": "#se16", 
        "visibility": 2, 
        "member": 4, 
        "geocode": null, 
        "location": null, 
        "eventenddate": null, 
        "reply_to": null, 
        "is_reply": false, 
        "recipient": null, 
        "eventdate": null, 
        "occurrence": 0
    }
},
{
    "pk": 2, 
    "model": "mumlife.message", 
    "fields": {
        "body": "M2 (#se16 @global)", 
        "name": null, 
        "area": "SE16", 
        "timestamp": "2013-10-24T11:53:05Z", 
        "occurs_until": null, 
        "tags": "#se16", 
        "visibility": 3, 
        "member": 4, 
        "geocode": null, 
        "location": null, 
        "eventenddate": null, 
        "reply_to": null, 
        "is_reply": false, 
        "recipient": null, 
        "eventdate": null, 
        "occurrence": 0
    }
},
{
    "pk": 3, 
    "model": "mumlife.message", 
    "fields": {
        "body": "M3 (#se16 @friends)", 
        "name": null, 
        "area": "SE16", 
        "timestamp": "2013-10-24T11:54:32Z", 
        "occurs_until": null, 
        "tags": "#se16", 
        "visibility": 1, 
        "member": 4, 
        "geocode": null, 
        "location": null, 
        "eventenddate": null, 
        "reply_to": null, 
        "is_reply": false, 
        "recipient": null, 
        "eventdate": null, 
        "occurrence": 0
    }
},
{
    "pk": 4, 
    "model": "mumlife.message", 
    "fields": {
        "body": "M4 (#se22 @local)", 
        "name": null, 
        "area": "SE22", 
        "timestamp": "2013-10-24T11:55:21Z", 
        "occurs_until": null, 
        "tags": "#se22", 
        "visibility": 2, 
        "member": 7, 
        "geocode": null, 
        "location": null, 
        "eventenddate": null, 
        "reply_to": null, 
        "is_reply": false, 
        "recipient": null, 
        "eventdate": null, 
        "occurrence": 0
    }
},
{
    "pk": 5, 
    "model": "mumlife.message", 
    "fields": {
        "body": "M5 (#se22 @global)", 
        "name": null, 
        "area": "SE22", 
        "timestamp": "2013-10-24T11:56:18Z", 
        "occurs_until": null, 
        "tags": "#se22", 
        "visibility": 3, 
        "member": 7, 
        "geocode": null, 
        "location": null, 
        "eventenddate": null, 
        "reply_to": null, 
        "is_reply": false, 
        "recipient": null, 
        "eventdate": null, 
        "occurrence": 0
    }
},
{
    "pk": 6, 
    "model": "mumlife.message", 
    "fields": {
        "body": "M6 (#se22 @friends)", 
        "name": null, 
        "area": "SE22", 
        "timestamp": "2013-10-24T11:56:47Z", 
        "occurs_until": null, 
        "tags": "#se22", 
        "visibility": 1, 
        "member": 7, 
        "geocode": null, 
        "location": null, 
        "eventenddate": null, 
        "reply_to": null, 
        "is_reply": false, 
        "recipient": null, 
        "eventdate": null, 
        "occurrence": 0
    }
},
{
    "pk": 7, 
    "model": "mumlife.message", 
    "fields": {
        "body": "M7 (#se22 @private)", 
        "name": null, 
        "area": "SE22", 
        "timestamp": "2013-10-24T12:39:00Z", 
        "occurs_until": null, 
        "tags": "#se22", 
        "visibility": 0, 
        "member": 7, 
        "geocode": null, 
        "location": null, 
        "eventenddate": null, 
        "reply_to": null, 
        "is_reply": false, 
        "recipient": 4, 
        "eventdate": null, 
        "occurrence": 0
    }
},
{
    "pk": 8, 
    "model": "mumlife.message", 
    "fields": {
        "body": "M8 (#se16, @private)", 
        "name": "", 
        "area": "SE16", 
        "timestamp": "2013-10-28T11:26:17Z", 
        "occurs_until": null, 
        "tags": "#se16 ", 
        "visibility": 0, 
        "member": 3, 
        "geocode": "0.0,0.0", 
        "location": "", 
        "eventenddate": null, 
        "reply_to": null, 
        "is_reply": false, 
        "recipient": 7, 
        "eventdate": null, 
        "occurrence": 0
    }
}
]
